id,house_id,datetime,energy_export
66456,75,2021-07-01 00:00:00,0
62119,73,2021-07-01 00:00:00,0
78630,255,2021-07-01 00:00:00,0
62120,73,2021-07-01 01:00:00,0
78631,255,2021-07-01 01:00:00,0
66457,75,2021-07-01 01:00:00,0
62121,73,2021-07-01 02:00:00,0
66458,75,2021-07-01 02:00:00,0
78632,255,2021-07-01 02:00:00,0
78633,255,2021-07-01 03:00:00,0
66459,75,2021-07-01 03:00:00,0
62122,73,2021-07-01 03:00:00,0
66460,75,2021-07-01 04:00:00,0
62123,73,2021-07-01 04:00:00,0
78634,255,2021-07-01 04:00:00,0
78635,255,2021-07-01 05:00:00,0
66461,75,2021-07-01 05:00:00,0
62124,73,2021-07-01 05:00:00,0
62125,73,2021-07-01 06:00:00,0
66462,75,2021-07-01 06:00:00,0
78636,255,2021-07-01 06:00:00,0
62126,73,2021-07-01 07:00:00,0
78637,255,2021-07-01 07:00:00,0
66463,75,2021-07-01 07:00:00,0.015
66464,75,2021-07-01 08:00:00,0.262
78638,255,2021-07-01 08:00:00,0.009
62127,73,2021-07-01 08:00:00,0.031
78639,255,2021-07-01 09:00:00,0.07
62128,73,2021-07-01 09:00:00,0.119
66465,75,2021-07-01 09:00:00,0.275
66466,75,2021-07-01 10:00:00,0.594
78640,255,2021-07-01 10:00:00,0.264
62129,73,2021-07-01 10:00:00,0.332
66467,75,2021-07-01 11:00:00,0.478
62130,73,2021-07-01 11:00:00,0.494
78641,255,2021-07-01 11:00:00,0.471
62131,73,2021-07-01 12:00:00,0.473
78642,255,2021-07-01 12:00:00,0.425
66468,75,2021-07-01 12:00:00,0.735
78643,255,2021-07-01 13:00:00,0.523
66469,75,2021-07-01 13:00:00,0.495
62132,73,2021-07-01 13:00:00,0.45
62133,73,2021-07-01 14:00:00,0.173
78644,255,2021-07-01 14:00:00,0.068
66470,75,2021-07-01 14:00:00,0.588
62134,73,2021-07-01 15:00:00,0.13
78645,255,2021-07-01 15:00:00,0.309
66471,75,2021-07-01 15:00:00,0.345
66472,75,2021-07-01 16:00:00,0.17
62135,73,2021-07-01 16:00:00,0.226
78646,255,2021-07-01 16:00:00,0.025
66473,75,2021-07-01 17:00:00,0.022
62136,73,2021-07-01 17:00:00,0.016
78647,255,2021-07-01 17:00:00,0.134
62137,73,2021-07-01 18:00:00,0
66474,75,2021-07-01 18:00:00,0
78648,255,2021-07-01 18:00:00,0.024
78649,255,2021-07-01 19:00:00,0
62138,73,2021-07-01 19:00:00,0
66475,75,2021-07-01 19:00:00,0
66476,75,2021-07-01 20:00:00,0
62139,73,2021-07-01 20:00:00,0
78650,255,2021-07-01 20:00:00,0
78651,255,2021-07-01 21:00:00,0
62140,73,2021-07-01 21:00:00,0
66477,75,2021-07-01 21:00:00,0
78652,255,2021-07-01 22:00:00,0
66478,75,2021-07-01 22:00:00,0
62141,73,2021-07-01 22:00:00,0
78653,255,2021-07-01 23:00:00,0
66479,75,2021-07-01 23:00:00,0
62142,73,2021-07-01 23:00:00,0
62143,73,2021-07-02 00:00:00,0
78654,255,2021-07-02 00:00:00,0
66480,75,2021-07-02 00:00:00,0
62144,73,2021-07-02 01:00:00,0
78655,255,2021-07-02 01:00:00,0
66481,75,2021-07-02 01:00:00,0
62145,73,2021-07-02 02:00:00,0
78656,255,2021-07-02 02:00:00,0
66482,75,2021-07-02 02:00:00,0
78657,255,2021-07-02 03:00:00,0
62146,73,2021-07-02 03:00:00,0
66483,75,2021-07-02 03:00:00,0
62147,73,2021-07-02 04:00:00,0
66484,75,2021-07-02 04:00:00,0
78658,255,2021-07-02 04:00:00,0
66485,75,2021-07-02 05:00:00,0
78659,255,2021-07-02 05:00:00,0
62148,73,2021-07-02 05:00:00,0
62149,73,2021-07-02 06:00:00,0
78660,255,2021-07-02 06:00:00,0
66486,75,2021-07-02 06:00:00,0
62150,73,2021-07-02 07:00:00,0
78661,255,2021-07-02 07:00:00,0
66487,75,2021-07-02 07:00:00,0.006
78662,255,2021-07-02 08:00:00,0.025
66488,75,2021-07-02 08:00:00,0.053
62151,73,2021-07-02 08:00:00,0.009
66489,75,2021-07-02 09:00:00,0.042
78663,255,2021-07-02 09:00:00,0.02
62152,73,2021-07-02 09:00:00,0.025
66490,75,2021-07-02 10:00:00,0.409
62153,73,2021-07-02 10:00:00,0.133
78664,255,2021-07-02 10:00:00,0.312
62154,73,2021-07-02 11:00:00,0.494
78665,255,2021-07-02 11:00:00,0.502
66491,75,2021-07-02 11:00:00,0.713
78666,255,2021-07-02 12:00:00,0.733
62155,73,2021-07-02 12:00:00,0.683
66492,75,2021-07-02 12:00:00,0.659
62156,73,2021-07-02 13:00:00,0.716
66493,75,2021-07-02 13:00:00,0.641
78667,255,2021-07-02 13:00:00,0.702
78668,255,2021-07-02 14:00:00,0.598
62157,73,2021-07-02 14:00:00,0.581
66494,75,2021-07-02 14:00:00,0.552
62158,73,2021-07-02 15:00:00,0.286
78669,255,2021-07-02 15:00:00,0.124
66495,75,2021-07-02 15:00:00,0.467
66496,75,2021-07-02 16:00:00,0.187
62159,73,2021-07-02 16:00:00,0.482
78670,255,2021-07-02 16:00:00,0.408
62160,73,2021-07-02 17:00:00,0.176
66497,75,2021-07-02 17:00:00,0.021
78671,255,2021-07-02 17:00:00,0.236
66498,75,2021-07-02 18:00:00,0.01
78672,255,2021-07-02 18:00:00,0.022
62161,73,2021-07-02 18:00:00,0.007
78673,255,2021-07-02 19:00:00,0
62162,73,2021-07-02 19:00:00,0
66499,75,2021-07-02 19:00:00,0
62163,73,2021-07-02 20:00:00,0
78674,255,2021-07-02 20:00:00,0
66500,75,2021-07-02 20:00:00,0
62164,73,2021-07-02 21:00:00,0
66501,75,2021-07-02 21:00:00,0
78675,255,2021-07-02 21:00:00,0
66502,75,2021-07-02 22:00:00,0
62165,73,2021-07-02 22:00:00,0
78676,255,2021-07-02 22:00:00,0
66503,75,2021-07-02 23:00:00,0
62166,73,2021-07-02 23:00:00,0
78677,255,2021-07-02 23:00:00,0
78678,255,2021-07-03 00:00:00,0
62167,73,2021-07-03 00:00:00,0
66504,75,2021-07-03 00:00:00,0
66505,75,2021-07-03 01:00:00,0
62168,73,2021-07-03 01:00:00,0
78679,255,2021-07-03 01:00:00,0
78680,255,2021-07-03 02:00:00,0
62169,73,2021-07-03 02:00:00,0
66506,75,2021-07-03 02:00:00,0
62170,73,2021-07-03 03:00:00,0
66507,75,2021-07-03 03:00:00,0
78681,255,2021-07-03 03:00:00,0
78682,255,2021-07-03 04:00:00,0
62171,73,2021-07-03 04:00:00,0
66508,75,2021-07-03 04:00:00,0
66509,75,2021-07-03 05:00:00,0
62172,73,2021-07-03 05:00:00,0
78683,255,2021-07-03 05:00:00,0
66510,75,2021-07-03 06:00:00,0
78684,255,2021-07-03 06:00:00,0
62173,73,2021-07-03 06:00:00,0
78685,255,2021-07-03 07:00:00,0
66511,75,2021-07-03 07:00:00,0.017
62174,73,2021-07-03 07:00:00,0.006
78686,255,2021-07-03 08:00:00,0.013
66512,75,2021-07-03 08:00:00,0.088
62175,73,2021-07-03 08:00:00,0.057
78687,255,2021-07-03 09:00:00,0.04
66513,75,2021-07-03 09:00:00,0.242
62176,73,2021-07-03 09:00:00,0.16
66514,75,2021-07-03 10:00:00,0.153
62177,73,2021-07-03 10:00:00,0.184
78688,255,2021-07-03 10:00:00,0.1
62178,73,2021-07-03 11:00:00,0.426
66515,75,2021-07-03 11:00:00,0.148
78689,255,2021-07-03 11:00:00,0.183
66516,75,2021-07-03 12:00:00,0.15
78690,255,2021-07-03 12:00:00,0.294
62179,73,2021-07-03 12:00:00,0.737
66517,75,2021-07-03 13:00:00,0.34
62180,73,2021-07-03 13:00:00,0.309
78691,255,2021-07-03 13:00:00,0.272
66518,75,2021-07-03 14:00:00,0.221
62181,73,2021-07-03 14:00:00,0.534
78692,255,2021-07-03 14:00:00,0.354
66519,75,2021-07-03 15:00:00,0.281
62182,73,2021-07-03 15:00:00,0.376
78693,255,2021-07-03 15:00:00,0.287
62183,73,2021-07-03 16:00:00,0.216
78694,255,2021-07-03 16:00:00,0.22
66520,75,2021-07-03 16:00:00,0.157
62184,73,2021-07-03 17:00:00,0.24
78695,255,2021-07-03 17:00:00,0.023
66521,75,2021-07-03 17:00:00,0.019
78696,255,2021-07-03 18:00:00,0
62185,73,2021-07-03 18:00:00,0.012
66522,75,2021-07-03 18:00:00,0.008
66523,75,2021-07-03 19:00:00,0
62186,73,2021-07-03 19:00:00,0
78697,255,2021-07-03 19:00:00,0
78698,255,2021-07-03 20:00:00,0
62187,73,2021-07-03 20:00:00,0
66524,75,2021-07-03 20:00:00,0
78699,255,2021-07-03 21:00:00,0
66525,75,2021-07-03 21:00:00,0
62188,73,2021-07-03 21:00:00,0
78700,255,2021-07-03 22:00:00,0
66526,75,2021-07-03 22:00:00,0
62189,73,2021-07-03 22:00:00,0
78701,255,2021-07-03 23:00:00,0
62190,73,2021-07-03 23:00:00,0
66527,75,2021-07-03 23:00:00,0
66528,75,2021-07-04 00:00:00,0
62191,73,2021-07-04 00:00:00,0
78702,255,2021-07-04 00:00:00,0
78703,255,2021-07-04 01:00:00,0
62192,73,2021-07-04 01:00:00,0
66529,75,2021-07-04 01:00:00,0
78704,255,2021-07-04 02:00:00,0
62193,73,2021-07-04 02:00:00,0
66530,75,2021-07-04 02:00:00,0
78705,255,2021-07-04 03:00:00,0
66531,75,2021-07-04 03:00:00,0
62194,73,2021-07-04 03:00:00,0
62195,73,2021-07-04 04:00:00,0
66532,75,2021-07-04 04:00:00,0
78706,255,2021-07-04 04:00:00,0
62196,73,2021-07-04 05:00:00,0
78707,255,2021-07-04 05:00:00,0
66533,75,2021-07-04 05:00:00,0
66534,75,2021-07-04 06:00:00,0
78708,255,2021-07-04 06:00:00,0
62197,73,2021-07-04 06:00:00,0
78709,255,2021-07-04 07:00:00,0
66535,75,2021-07-04 07:00:00,0.007
62198,73,2021-07-04 07:00:00,0.006
62199,73,2021-07-04 08:00:00,0.048
78710,255,2021-07-04 08:00:00,0.028
66536,75,2021-07-04 08:00:00,0.083
62200,73,2021-07-04 09:00:00,0.21
78711,255,2021-07-04 09:00:00,0.093
66537,75,2021-07-04 09:00:00,0.058
66538,75,2021-07-04 10:00:00,0.467
78712,255,2021-07-04 10:00:00,0.283
62201,73,2021-07-04 10:00:00,0.431
62202,73,2021-07-04 11:00:00,0.568
66539,75,2021-07-04 11:00:00,0.588
78713,255,2021-07-04 11:00:00,0.458
78714,255,2021-07-04 12:00:00,0.667
66540,75,2021-07-04 12:00:00,0.655
62203,73,2021-07-04 12:00:00,0.619
78715,255,2021-07-04 13:00:00,0.087
66541,75,2021-07-04 13:00:00,0.539
62204,73,2021-07-04 13:00:00,0.257
62205,73,2021-07-04 14:00:00,0.586
78716,255,2021-07-04 14:00:00,0.414
66542,75,2021-07-04 14:00:00,0.561
62206,73,2021-07-04 15:00:00,0.359
66543,75,2021-07-04 15:00:00,0.398
78717,255,2021-07-04 15:00:00,0.192
66544,75,2021-07-04 16:00:00,0.141
78718,255,2021-07-04 16:00:00,0.109
62207,73,2021-07-04 16:00:00,0.255
62208,73,2021-07-04 17:00:00,0.147
66545,75,2021-07-04 17:00:00,0.013
78719,255,2021-07-04 17:00:00,0.108
66546,75,2021-07-04 18:00:00,0.005
62209,73,2021-07-04 18:00:00,0.007
78720,255,2021-07-04 18:00:00,0.003
78721,255,2021-07-04 19:00:00,0
66547,75,2021-07-04 19:00:00,0
62210,73,2021-07-04 19:00:00,0
78722,255,2021-07-04 20:00:00,0
66548,75,2021-07-04 20:00:00,0
62211,73,2021-07-04 20:00:00,0
62212,73,2021-07-04 21:00:00,0
78723,255,2021-07-04 21:00:00,0
66549,75,2021-07-04 21:00:00,0
78724,255,2021-07-04 22:00:00,0
62213,73,2021-07-04 22:00:00,0
66550,75,2021-07-04 22:00:00,0
78725,255,2021-07-04 23:00:00,0
62214,73,2021-07-04 23:00:00,0
66551,75,2021-07-04 23:00:00,0
78726,255,2021-07-05 00:00:00,0
62215,73,2021-07-05 00:00:00,0
66552,75,2021-07-05 00:00:00,0
66553,75,2021-07-05 01:00:00,0
62216,73,2021-07-05 01:00:00,0
78727,255,2021-07-05 01:00:00,0
62217,73,2021-07-05 02:00:00,0
78728,255,2021-07-05 02:00:00,0
66554,75,2021-07-05 02:00:00,0
66555,75,2021-07-05 03:00:00,0
78729,255,2021-07-05 03:00:00,0
62218,73,2021-07-05 03:00:00,0
62219,73,2021-07-05 04:00:00,0
78730,255,2021-07-05 04:00:00,0
66556,75,2021-07-05 04:00:00,0
62220,73,2021-07-05 05:00:00,0
66557,75,2021-07-05 05:00:00,0
78731,255,2021-07-05 05:00:00,0
66558,75,2021-07-05 06:00:00,0
62221,73,2021-07-05 06:00:00,0
78732,255,2021-07-05 06:00:00,0
78733,255,2021-07-05 07:00:00,0
62222,73,2021-07-05 07:00:00,0
66559,75,2021-07-05 07:00:00,0.007
78734,255,2021-07-05 08:00:00,0
62223,73,2021-07-05 08:00:00,0.07
66560,75,2021-07-05 08:00:00,0.123
66561,75,2021-07-05 09:00:00,0.281
62224,73,2021-07-05 09:00:00,0.321
78735,255,2021-07-05 09:00:00,0.033
66562,75,2021-07-05 10:00:00,0.515
78736,255,2021-07-05 10:00:00,0.298
62225,73,2021-07-05 10:00:00,0.12
66563,75,2021-07-05 11:00:00,0.642
78737,255,2021-07-05 11:00:00,0.482
62226,73,2021-07-05 11:00:00,0.377
78738,255,2021-07-05 12:00:00,0.556
62227,73,2021-07-05 12:00:00,0.528
66564,75,2021-07-05 12:00:00,0.382
78739,255,2021-07-05 13:00:00,0.344
66565,75,2021-07-05 13:00:00,0.35
62228,73,2021-07-05 13:00:00,0.455
62229,73,2021-07-05 14:00:00,0.276
66566,75,2021-07-05 14:00:00,0.595
78740,255,2021-07-05 14:00:00,0.449
62230,73,2021-07-05 15:00:00,0.157
66567,75,2021-07-05 15:00:00,0.335
78741,255,2021-07-05 15:00:00,0.32
62231,73,2021-07-05 16:00:00,0.038
78742,255,2021-07-05 16:00:00,0.221
66568,75,2021-07-05 16:00:00,0.156
78743,255,2021-07-05 17:00:00,0.176
66569,75,2021-07-05 17:00:00,0.015
62232,73,2021-07-05 17:00:00,0.34
66570,75,2021-07-05 18:00:00,0
78744,255,2021-07-05 18:00:00,0.005
62233,73,2021-07-05 18:00:00,0.019
62234,73,2021-07-05 19:00:00,0
78745,255,2021-07-05 19:00:00,0
66571,75,2021-07-05 19:00:00,0
66572,75,2021-07-05 20:00:00,0
62235,73,2021-07-05 20:00:00,0
78746,255,2021-07-05 20:00:00,0
66573,75,2021-07-05 21:00:00,0
78747,255,2021-07-05 21:00:00,0
62236,73,2021-07-05 21:00:00,0
78748,255,2021-07-05 22:00:00,0
62237,73,2021-07-05 22:00:00,0
66574,75,2021-07-05 22:00:00,0
78749,255,2021-07-05 23:00:00,0
66575,75,2021-07-05 23:00:00,0
62238,73,2021-07-05 23:00:00,0
78750,255,2021-07-06 00:00:00,0
62239,73,2021-07-06 00:00:00,0
66576,75,2021-07-06 00:00:00,0
78751,255,2021-07-06 01:00:00,0
62240,73,2021-07-06 01:00:00,0
66577,75,2021-07-06 01:00:00,0
66578,75,2021-07-06 02:00:00,0
62241,73,2021-07-06 02:00:00,0
78752,255,2021-07-06 02:00:00,0
78753,255,2021-07-06 03:00:00,0
62242,73,2021-07-06 03:00:00,0
66579,75,2021-07-06 03:00:00,0
66580,75,2021-07-06 04:00:00,0
62243,73,2021-07-06 04:00:00,0
78754,255,2021-07-06 04:00:00,0
66581,75,2021-07-06 05:00:00,0
62244,73,2021-07-06 05:00:00,0
78755,255,2021-07-06 05:00:00,0
66582,75,2021-07-06 06:00:00,0
62245,73,2021-07-06 06:00:00,0
78756,255,2021-07-06 06:00:00,0
62246,73,2021-07-06 07:00:00,0.002
78757,255,2021-07-06 07:00:00,0
66583,75,2021-07-06 07:00:00,0.011
66584,75,2021-07-06 08:00:00,0.059
78758,255,2021-07-06 08:00:00,0.017
62247,73,2021-07-06 08:00:00,0.032
78759,255,2021-07-06 09:00:00,0.075
66585,75,2021-07-06 09:00:00,0.17
62248,73,2021-07-06 09:00:00,0.215
78760,255,2021-07-06 10:00:00,0.252
66586,75,2021-07-06 10:00:00,0.508
62249,73,2021-07-06 10:00:00,0.206
62250,73,2021-07-06 11:00:00,0.27
66587,75,2021-07-06 11:00:00,0.214
78761,255,2021-07-06 11:00:00,0.465
62251,73,2021-07-06 12:00:00,0.181
78762,255,2021-07-06 12:00:00,0.617
66588,75,2021-07-06 12:00:00,0.863
62252,73,2021-07-06 13:00:00,0.749
66589,75,2021-07-06 13:00:00,0.697
78763,255,2021-07-06 13:00:00,0.616
78764,255,2021-07-06 14:00:00,0.591
62253,73,2021-07-06 14:00:00,0.531
66590,75,2021-07-06 14:00:00,0.819
66591,75,2021-07-06 15:00:00,0.324
62254,73,2021-07-06 15:00:00,0.567
78765,255,2021-07-06 15:00:00,0.542
66592,75,2021-07-06 16:00:00,0.087
78766,255,2021-07-06 16:00:00,0.38
62255,73,2021-07-06 16:00:00,0.508
78767,255,2021-07-06 17:00:00,0.157
66593,75,2021-07-06 17:00:00,0.041
62256,73,2021-07-06 17:00:00,0.364
66594,75,2021-07-06 18:00:00,0.004
78768,255,2021-07-06 18:00:00,0.039
62257,73,2021-07-06 18:00:00,0.089
78769,255,2021-07-06 19:00:00,0
62258,73,2021-07-06 19:00:00,0
66595,75,2021-07-06 19:00:00,0
62259,73,2021-07-06 20:00:00,0
78770,255,2021-07-06 20:00:00,0
66596,75,2021-07-06 20:00:00,0
78771,255,2021-07-06 21:00:00,0
66597,75,2021-07-06 21:00:00,0
62260,73,2021-07-06 21:00:00,0
78772,255,2021-07-06 22:00:00,0
62261,73,2021-07-06 22:00:00,0
66598,75,2021-07-06 22:00:00,0
62262,73,2021-07-06 23:00:00,0
66599,75,2021-07-06 23:00:00,0
78773,255,2021-07-06 23:00:00,0
62263,73,2021-07-07 00:00:00,0
66600,75,2021-07-07 00:00:00,0
78774,255,2021-07-07 00:00:00,0
78775,255,2021-07-07 01:00:00,0
62264,73,2021-07-07 01:00:00,0
66601,75,2021-07-07 01:00:00,0
78776,255,2021-07-07 02:00:00,0
66602,75,2021-07-07 02:00:00,0
62265,73,2021-07-07 02:00:00,0
66603,75,2021-07-07 03:00:00,0
78777,255,2021-07-07 03:00:00,0
62266,73,2021-07-07 03:00:00,0
66604,75,2021-07-07 04:00:00,0
78778,255,2021-07-07 04:00:00,0
62267,73,2021-07-07 04:00:00,0
66605,75,2021-07-07 05:00:00,0
62268,73,2021-07-07 05:00:00,0
78779,255,2021-07-07 05:00:00,0
62269,73,2021-07-07 06:00:00,0
78780,255,2021-07-07 06:00:00,0
66606,75,2021-07-07 06:00:00,0
66607,75,2021-07-07 07:00:00,0.008
78781,255,2021-07-07 07:00:00,0
62270,73,2021-07-07 07:00:00,0.001
66608,75,2021-07-07 08:00:00,0.089
62271,73,2021-07-07 08:00:00,0.068
78782,255,2021-07-07 08:00:00,0
62272,73,2021-07-07 09:00:00,0.246
78783,255,2021-07-07 09:00:00,0.001
66609,75,2021-07-07 09:00:00,0.283
66610,75,2021-07-07 10:00:00,0.505
62273,73,2021-07-07 10:00:00,0.436
78784,255,2021-07-07 10:00:00,0.13
66611,75,2021-07-07 11:00:00,0.689
78785,255,2021-07-07 11:00:00,0.212
62274,73,2021-07-07 11:00:00,0.552
62275,73,2021-07-07 12:00:00,0.655
66612,75,2021-07-07 12:00:00,0.746
78786,255,2021-07-07 12:00:00,0.394
62276,73,2021-07-07 13:00:00,0.71
66613,75,2021-07-07 13:00:00,0.578
78787,255,2021-07-07 13:00:00,0.28
78788,255,2021-07-07 14:00:00,0.57
66614,75,2021-07-07 14:00:00,0.451
62277,73,2021-07-07 14:00:00,0.595
78789,255,2021-07-07 15:00:00,0.54
66615,75,2021-07-07 15:00:00,0.393
62278,73,2021-07-07 15:00:00,0.556
78790,255,2021-07-07 16:00:00,0.408
62279,73,2021-07-07 16:00:00,0.482
66616,75,2021-07-07 16:00:00,0.105
66617,75,2021-07-07 17:00:00,0.026
78791,255,2021-07-07 17:00:00,0.119
62280,73,2021-07-07 17:00:00,0.21
62281,73,2021-07-07 18:00:00,0.006
66618,75,2021-07-07 18:00:00,0.014
78792,255,2021-07-07 18:00:00,0.004
78793,255,2021-07-07 19:00:00,0
62282,73,2021-07-07 19:00:00,0
66619,75,2021-07-07 19:00:00,0
62283,73,2021-07-07 20:00:00,0
66620,75,2021-07-07 20:00:00,0
78794,255,2021-07-07 20:00:00,0
62284,73,2021-07-07 21:00:00,0
78795,255,2021-07-07 21:00:00,0
66621,75,2021-07-07 21:00:00,0
62285,73,2021-07-07 22:00:00,0
78796,255,2021-07-07 22:00:00,0
66622,75,2021-07-07 22:00:00,0
66623,75,2021-07-07 23:00:00,0
78797,255,2021-07-07 23:00:00,0
62286,73,2021-07-07 23:00:00,0
66624,75,2021-07-08 00:00:00,0
78798,255,2021-07-08 00:00:00,0
62287,73,2021-07-08 00:00:00,0
66625,75,2021-07-08 01:00:00,0
78799,255,2021-07-08 01:00:00,0
62288,73,2021-07-08 01:00:00,0
66626,75,2021-07-08 02:00:00,0
62289,73,2021-07-08 02:00:00,0
78800,255,2021-07-08 02:00:00,0
62290,73,2021-07-08 03:00:00,0
66627,75,2021-07-08 03:00:00,0
78801,255,2021-07-08 03:00:00,0
78802,255,2021-07-08 04:00:00,0
62291,73,2021-07-08 04:00:00,0
66628,75,2021-07-08 04:00:00,0
78803,255,2021-07-08 05:00:00,0
66629,75,2021-07-08 05:00:00,0
62292,73,2021-07-08 05:00:00,0
78804,255,2021-07-08 06:00:00,0
62293,73,2021-07-08 06:00:00,0
66630,75,2021-07-08 06:00:00,0
78805,255,2021-07-08 07:00:00,0
62294,73,2021-07-08 07:00:00,0.002
66631,75,2021-07-08 07:00:00,0.016
66632,75,2021-07-08 08:00:00,0.176
62295,73,2021-07-08 08:00:00,0.086
78806,255,2021-07-08 08:00:00,0
78807,255,2021-07-08 09:00:00,0.004
62296,73,2021-07-08 09:00:00,0.085
66633,75,2021-07-08 09:00:00,0.365
66634,75,2021-07-08 10:00:00,0.53
78808,255,2021-07-08 10:00:00,0.279
62297,73,2021-07-08 10:00:00,0.218
66635,75,2021-07-08 11:00:00,0.653
62298,73,2021-07-08 11:00:00,0.626
78809,255,2021-07-08 11:00:00,0.463
66636,75,2021-07-08 12:00:00,0.707
62299,73,2021-07-08 12:00:00,0.317
78810,255,2021-07-08 12:00:00,0.62
66637,75,2021-07-08 13:00:00,1.135
78811,255,2021-07-08 13:00:00,0.68
62300,73,2021-07-08 13:00:00,0.483
62301,73,2021-07-08 14:00:00,0.396
78812,255,2021-07-08 14:00:00,0.603
66638,75,2021-07-08 14:00:00,0.471
62302,73,2021-07-08 15:00:00,0.102
78813,255,2021-07-08 15:00:00,0.542
66639,75,2021-07-08 15:00:00,0.422
62303,73,2021-07-08 16:00:00,0.037
78814,255,2021-07-08 16:00:00,0.3
66640,75,2021-07-08 16:00:00,0.157
78815,255,2021-07-08 17:00:00,0.149
62304,73,2021-07-08 17:00:00,0.135
66641,75,2021-07-08 17:00:00,0.025
66642,75,2021-07-08 18:00:00,0.017
62305,73,2021-07-08 18:00:00,0.009
78816,255,2021-07-08 18:00:00,0.005
62306,73,2021-07-08 19:00:00,0
66643,75,2021-07-08 19:00:00,0
78817,255,2021-07-08 19:00:00,0
66644,75,2021-07-08 20:00:00,0
78818,255,2021-07-08 20:00:00,0
62307,73,2021-07-08 20:00:00,0
62308,73,2021-07-08 21:00:00,0
66645,75,2021-07-08 21:00:00,0
78819,255,2021-07-08 21:00:00,0
66646,75,2021-07-08 22:00:00,0
62309,73,2021-07-08 22:00:00,0
78820,255,2021-07-08 22:00:00,0
62310,73,2021-07-08 23:00:00,0
78821,255,2021-07-08 23:00:00,0
66647,75,2021-07-08 23:00:00,0
78822,255,2021-07-09 00:00:00,0
62311,73,2021-07-09 00:00:00,0
66648,75,2021-07-09 00:00:00,0
78823,255,2021-07-09 01:00:00,0
62312,73,2021-07-09 01:00:00,0
66649,75,2021-07-09 01:00:00,0
66650,75,2021-07-09 02:00:00,0
78824,255,2021-07-09 02:00:00,0
62313,73,2021-07-09 02:00:00,0
66651,75,2021-07-09 03:00:00,0
62314,73,2021-07-09 03:00:00,0
78825,255,2021-07-09 03:00:00,0
62315,73,2021-07-09 04:00:00,0
78826,255,2021-07-09 04:00:00,0
66652,75,2021-07-09 04:00:00,0
62316,73,2021-07-09 05:00:00,0
66653,75,2021-07-09 05:00:00,0
78827,255,2021-07-09 05:00:00,0
66654,75,2021-07-09 06:00:00,0
62317,73,2021-07-09 06:00:00,0
78828,255,2021-07-09 06:00:00,0
66655,75,2021-07-09 07:00:00,0.012
78829,255,2021-07-09 07:00:00,0
62318,73,2021-07-09 07:00:00,0.003
62319,73,2021-07-09 08:00:00,0.046
66656,75,2021-07-09 08:00:00,0.075
78830,255,2021-07-09 08:00:00,0.028
78831,255,2021-07-09 09:00:00,0.093
66657,75,2021-07-09 09:00:00,0.301
62320,73,2021-07-09 09:00:00,0.088
66658,75,2021-07-09 10:00:00,0.223
62321,73,2021-07-09 10:00:00,0.178
78832,255,2021-07-09 10:00:00,0.179
78833,255,2021-07-09 11:00:00,0.417
62322,73,2021-07-09 11:00:00,0.377
66659,75,2021-07-09 11:00:00,0.496
78834,255,2021-07-09 12:00:00,0.437
66660,75,2021-07-09 12:00:00,0.656
62323,73,2021-07-09 12:00:00,0.395
78835,255,2021-07-09 13:00:00,0.403
62324,73,2021-07-09 13:00:00,0.386
66661,75,2021-07-09 13:00:00,0.408
62325,73,2021-07-09 14:00:00,0.348
66662,75,2021-07-09 14:00:00,0.531
78836,255,2021-07-09 14:00:00,0.387
62326,73,2021-07-09 15:00:00,0.351
78837,255,2021-07-09 15:00:00,0.398
66663,75,2021-07-09 15:00:00,0.406
66664,75,2021-07-09 16:00:00,0.212
62327,73,2021-07-09 16:00:00,0.284
78838,255,2021-07-09 16:00:00,0.238
62328,73,2021-07-09 17:00:00,0.074
66665,75,2021-07-09 17:00:00,0.06
78839,255,2021-07-09 17:00:00,0.06
78840,255,2021-07-09 18:00:00,0
66666,75,2021-07-09 18:00:00,0.006
62329,73,2021-07-09 18:00:00,0.001
78841,255,2021-07-09 19:00:00,0
66667,75,2021-07-09 19:00:00,0
62330,73,2021-07-09 19:00:00,0
62331,73,2021-07-09 20:00:00,0
66668,75,2021-07-09 20:00:00,0
78842,255,2021-07-09 20:00:00,0
62332,73,2021-07-09 21:00:00,0
78843,255,2021-07-09 21:00:00,0
66669,75,2021-07-09 21:00:00,0
78844,255,2021-07-09 22:00:00,0
66670,75,2021-07-09 22:00:00,0
62333,73,2021-07-09 22:00:00,0
66671,75,2021-07-09 23:00:00,0
78845,255,2021-07-09 23:00:00,0
62334,73,2021-07-09 23:00:00,0
66672,75,2021-07-10 00:00:00,0
62335,73,2021-07-10 00:00:00,0
78846,255,2021-07-10 00:00:00,0
78847,255,2021-07-10 01:00:00,0
62336,73,2021-07-10 01:00:00,0
66673,75,2021-07-10 01:00:00,0
78848,255,2021-07-10 02:00:00,0
62337,73,2021-07-10 02:00:00,0
66674,75,2021-07-10 02:00:00,0
66675,75,2021-07-10 03:00:00,0
62338,73,2021-07-10 03:00:00,0
78849,255,2021-07-10 03:00:00,0
66676,75,2021-07-10 04:00:00,0
62339,73,2021-07-10 04:00:00,0
78850,255,2021-07-10 04:00:00,0
62340,73,2021-07-10 05:00:00,0
78851,255,2021-07-10 05:00:00,0
66677,75,2021-07-10 05:00:00,0
62341,73,2021-07-10 06:00:00,0
78852,255,2021-07-10 06:00:00,0
66678,75,2021-07-10 06:00:00,0
78853,255,2021-07-10 07:00:00,0
62342,73,2021-07-10 07:00:00,0.009
66679,75,2021-07-10 07:00:00,0.009
66680,75,2021-07-10 08:00:00,0.061
62343,73,2021-07-10 08:00:00,0.042
78854,255,2021-07-10 08:00:00,0.036
62344,73,2021-07-10 09:00:00,0.132
78855,255,2021-07-10 09:00:00,0.129
66681,75,2021-07-10 09:00:00,0.178
62345,73,2021-07-10 10:00:00,0.26
66682,75,2021-07-10 10:00:00,0.28
78856,255,2021-07-10 10:00:00,0.278
66683,75,2021-07-10 11:00:00,0.384
62346,73,2021-07-10 11:00:00,0.367
78857,255,2021-07-10 11:00:00,0.422
78858,255,2021-07-10 12:00:00,0.478
66684,75,2021-07-10 12:00:00,0.441
62347,73,2021-07-10 12:00:00,0.501
78859,255,2021-07-10 13:00:00,0.191
66685,75,2021-07-10 13:00:00,0.418
62348,73,2021-07-10 13:00:00,0.164
66686,75,2021-07-10 14:00:00,0.303
78860,255,2021-07-10 14:00:00,0.267
62349,73,2021-07-10 14:00:00,0.191
78861,255,2021-07-10 15:00:00,0.042
62350,73,2021-07-10 15:00:00,0.048
66687,75,2021-07-10 15:00:00,0.07
66688,75,2021-07-10 16:00:00,0.021
62351,73,2021-07-10 16:00:00,0.166
78862,255,2021-07-10 16:00:00,0.109
62352,73,2021-07-10 17:00:00,0.13
66689,75,2021-07-10 17:00:00,0.018
78863,255,2021-07-10 17:00:00,0.105
78864,255,2021-07-10 18:00:00,0.022
66690,75,2021-07-10 18:00:00,0.003
62353,73,2021-07-10 18:00:00,0.03
78865,255,2021-07-10 19:00:00,0
66691,75,2021-07-10 19:00:00,0
62354,73,2021-07-10 19:00:00,0
62355,73,2021-07-10 20:00:00,0
66692,75,2021-07-10 20:00:00,0
78866,255,2021-07-10 20:00:00,0
66693,75,2021-07-10 21:00:00,0
62356,73,2021-07-10 21:00:00,0
78867,255,2021-07-10 21:00:00,0
78868,255,2021-07-10 22:00:00,0
66694,75,2021-07-10 22:00:00,0
62357,73,2021-07-10 22:00:00,0
78869,255,2021-07-10 23:00:00,0
66695,75,2021-07-10 23:00:00,0
62358,73,2021-07-10 23:00:00,0
62359,73,2021-07-11 00:00:00,0
78870,255,2021-07-11 00:00:00,0
66696,75,2021-07-11 00:00:00,0
66697,75,2021-07-11 01:00:00,0
78871,255,2021-07-11 01:00:00,0
62360,73,2021-07-11 01:00:00,0
62361,73,2021-07-11 02:00:00,0
78872,255,2021-07-11 02:00:00,0
66698,75,2021-07-11 02:00:00,0
66699,75,2021-07-11 03:00:00,0
62362,73,2021-07-11 03:00:00,0
78873,255,2021-07-11 03:00:00,0
62363,73,2021-07-11 04:00:00,0
66700,75,2021-07-11 04:00:00,0
78874,255,2021-07-11 04:00:00,0
66701,75,2021-07-11 05:00:00,0
62364,73,2021-07-11 05:00:00,0
78875,255,2021-07-11 05:00:00,0
78876,255,2021-07-11 06:00:00,0
62365,73,2021-07-11 06:00:00,0
66702,75,2021-07-11 06:00:00,0
66703,75,2021-07-11 07:00:00,0.004
62366,73,2021-07-11 07:00:00,0
78877,255,2021-07-11 07:00:00,0
62367,73,2021-07-11 08:00:00,0.047
78878,255,2021-07-11 08:00:00,0.004
66704,75,2021-07-11 08:00:00,0.093
78879,255,2021-07-11 09:00:00,0.126
66705,75,2021-07-11 09:00:00,0.104
62368,73,2021-07-11 09:00:00,0.16
78880,255,2021-07-11 10:00:00,0.379
62369,73,2021-07-11 10:00:00,0.306
66706,75,2021-07-11 10:00:00,0.379
62370,73,2021-07-11 11:00:00,0.292
66707,75,2021-07-11 11:00:00,0.441
78881,255,2021-07-11 11:00:00,0.324
62371,73,2021-07-11 12:00:00,0.444
66708,75,2021-07-11 12:00:00,0.81
78882,255,2021-07-11 12:00:00,0.667
78883,255,2021-07-11 13:00:00,0.413
66709,75,2021-07-11 13:00:00,0.375
62372,73,2021-07-11 13:00:00,0.678
78884,255,2021-07-11 14:00:00,0.547
62373,73,2021-07-11 14:00:00,0.274
66710,75,2021-07-11 14:00:00,0.37
62374,73,2021-07-11 15:00:00,0.186
66711,75,2021-07-11 15:00:00,0.126
78885,255,2021-07-11 15:00:00,0.633
78886,255,2021-07-11 16:00:00,0.515
66712,75,2021-07-11 16:00:00,0.123
62375,73,2021-07-11 16:00:00,0.141
66713,75,2021-07-11 17:00:00,0.065
62376,73,2021-07-11 17:00:00,0.019
78887,255,2021-07-11 17:00:00,0.275
78888,255,2021-07-11 18:00:00,0.066
62377,73,2021-07-11 18:00:00,0.005
66714,75,2021-07-11 18:00:00,0.005
66715,75,2021-07-11 19:00:00,0
62378,73,2021-07-11 19:00:00,0
78889,255,2021-07-11 19:00:00,0
66716,75,2021-07-11 20:00:00,0
62379,73,2021-07-11 20:00:00,0
78890,255,2021-07-11 20:00:00,0
62380,73,2021-07-11 21:00:00,0
66717,75,2021-07-11 21:00:00,0
78891,255,2021-07-11 21:00:00,0
78892,255,2021-07-11 22:00:00,0
66718,75,2021-07-11 22:00:00,0
62381,73,2021-07-11 22:00:00,0
78893,255,2021-07-11 23:00:00,0
62382,73,2021-07-11 23:00:00,0
66719,75,2021-07-11 23:00:00,0
78894,255,2021-07-12 00:00:00,0
62383,73,2021-07-12 00:00:00,0
66720,75,2021-07-12 00:00:00,0
78895,255,2021-07-12 01:00:00,0
62384,73,2021-07-12 01:00:00,0
66721,75,2021-07-12 01:00:00,0
78896,255,2021-07-12 02:00:00,0
62385,73,2021-07-12 02:00:00,0
66722,75,2021-07-12 02:00:00,0
62386,73,2021-07-12 03:00:00,0
66723,75,2021-07-12 03:00:00,0
78897,255,2021-07-12 03:00:00,0
62387,73,2021-07-12 04:00:00,0
78898,255,2021-07-12 04:00:00,0
66724,75,2021-07-12 04:00:00,0
66725,75,2021-07-12 05:00:00,0
62388,73,2021-07-12 05:00:00,0
78899,255,2021-07-12 05:00:00,0
66726,75,2021-07-12 06:00:00,0
78900,255,2021-07-12 06:00:00,0
62389,73,2021-07-12 06:00:00,0
78901,255,2021-07-12 07:00:00,0.009
66727,75,2021-07-12 07:00:00,0.006
62390,73,2021-07-12 07:00:00,0.005
62391,73,2021-07-12 08:00:00,0.043
78902,255,2021-07-12 08:00:00,0.065
66728,75,2021-07-12 08:00:00,0.092
62392,73,2021-07-12 09:00:00,0.208
78903,255,2021-07-12 09:00:00,0.086
66729,75,2021-07-12 09:00:00,0.238
78904,255,2021-07-12 10:00:00,0.332
66730,75,2021-07-12 10:00:00,0.402
62393,73,2021-07-12 10:00:00,0.346
78905,255,2021-07-12 11:00:00,0.472
66731,75,2021-07-12 11:00:00,0.407
62394,73,2021-07-12 11:00:00,0.344
78906,255,2021-07-12 12:00:00,0.713
66732,75,2021-07-12 12:00:00,0.522
62395,73,2021-07-12 12:00:00,0.339
62396,73,2021-07-12 13:00:00,0.237
78907,255,2021-07-12 13:00:00,0.331
66733,75,2021-07-12 13:00:00,0.695
66734,75,2021-07-12 14:00:00,0.576
78908,255,2021-07-12 14:00:00,0.369
62397,73,2021-07-12 14:00:00,0.161
78909,255,2021-07-12 15:00:00,0.162
62398,73,2021-07-12 15:00:00,0.287
66735,75,2021-07-12 15:00:00,0.301
62399,73,2021-07-12 16:00:00,0.271
66736,75,2021-07-12 16:00:00,0.085
78910,255,2021-07-12 16:00:00,0.146
66737,75,2021-07-12 17:00:00,0.002
62400,73,2021-07-12 17:00:00,0.113
78911,255,2021-07-12 17:00:00,0.128
66738,75,2021-07-12 18:00:00,0.003
62401,73,2021-07-12 18:00:00,0.01
78912,255,2021-07-12 18:00:00,0.032
78913,255,2021-07-12 19:00:00,0
66739,75,2021-07-12 19:00:00,0
62402,73,2021-07-12 19:00:00,0
62403,73,2021-07-12 20:00:00,0
78914,255,2021-07-12 20:00:00,0
66740,75,2021-07-12 20:00:00,0
62404,73,2021-07-12 21:00:00,0
66741,75,2021-07-12 21:00:00,0
78915,255,2021-07-12 21:00:00,0
78916,255,2021-07-12 22:00:00,0
62405,73,2021-07-12 22:00:00,0
66742,75,2021-07-12 22:00:00,0
78917,255,2021-07-12 23:00:00,0
62406,73,2021-07-12 23:00:00,0
66743,75,2021-07-12 23:00:00,0
78918,255,2021-07-13 00:00:00,0
62407,73,2021-07-13 00:00:00,0
66744,75,2021-07-13 00:00:00,0
66745,75,2021-07-13 01:00:00,0
78919,255,2021-07-13 01:00:00,0
62408,73,2021-07-13 01:00:00,0
62409,73,2021-07-13 02:00:00,0
78920,255,2021-07-13 02:00:00,0
66746,75,2021-07-13 02:00:00,0
66747,75,2021-07-13 03:00:00,0
78921,255,2021-07-13 03:00:00,0
62410,73,2021-07-13 03:00:00,0
62411,73,2021-07-13 04:00:00,0
66748,75,2021-07-13 04:00:00,0
78922,255,2021-07-13 04:00:00,0
66749,75,2021-07-13 05:00:00,0
78923,255,2021-07-13 05:00:00,0
62412,73,2021-07-13 05:00:00,0
66750,75,2021-07-13 06:00:00,0
78924,255,2021-07-13 06:00:00,0
62413,73,2021-07-13 06:00:00,0
62414,73,2021-07-13 07:00:00,0.008
78925,255,2021-07-13 07:00:00,0
66751,75,2021-07-13 07:00:00,0.015
78926,255,2021-07-13 08:00:00,0.005
66752,75,2021-07-13 08:00:00,0.08
62415,73,2021-07-13 08:00:00,0.054
66753,75,2021-07-13 09:00:00,0.227
78927,255,2021-07-13 09:00:00,0.01
62416,73,2021-07-13 09:00:00,0.117
66754,75,2021-07-13 10:00:00,0.423
62417,73,2021-07-13 10:00:00,0.049
78928,255,2021-07-13 10:00:00,0.289
78929,255,2021-07-13 11:00:00,0.456
62418,73,2021-07-13 11:00:00,0.425
66755,75,2021-07-13 11:00:00,0.573
78930,255,2021-07-13 12:00:00,0.637
62419,73,2021-07-13 12:00:00,0.255
66756,75,2021-07-13 12:00:00,0.63
78931,255,2021-07-13 13:00:00,0.758
62420,73,2021-07-13 13:00:00,0.403
66757,75,2021-07-13 13:00:00,0.441
66758,75,2021-07-13 14:00:00,0.373
78932,255,2021-07-13 14:00:00,0.626
62421,73,2021-07-13 14:00:00,0.369
62422,73,2021-07-13 15:00:00,0.051
78933,255,2021-07-13 15:00:00,0.377
66759,75,2021-07-13 15:00:00,0.336
78934,255,2021-07-13 16:00:00,0.282
66760,75,2021-07-13 16:00:00,0.119
62423,73,2021-07-13 16:00:00,0.384
66761,75,2021-07-13 17:00:00,0.052
78935,255,2021-07-13 17:00:00,0.039
62424,73,2021-07-13 17:00:00,0.156
78936,255,2021-07-13 18:00:00,0.007
66762,75,2021-07-13 18:00:00,0.003
62425,73,2021-07-13 18:00:00,0.031
62426,73,2021-07-13 19:00:00,0
66763,75,2021-07-13 19:00:00,0
78937,255,2021-07-13 19:00:00,0
66764,75,2021-07-13 20:00:00,0
62427,73,2021-07-13 20:00:00,0
78938,255,2021-07-13 20:00:00,0
66765,75,2021-07-13 21:00:00,0
78939,255,2021-07-13 21:00:00,0
62428,73,2021-07-13 21:00:00,0
62429,73,2021-07-13 22:00:00,0
66766,75,2021-07-13 22:00:00,0
78940,255,2021-07-13 22:00:00,0
78941,255,2021-07-13 23:00:00,0
62430,73,2021-07-13 23:00:00,0
66767,75,2021-07-13 23:00:00,0
78942,255,2021-07-14 00:00:00,0
66768,75,2021-07-14 00:00:00,0
62431,73,2021-07-14 00:00:00,0
78943,255,2021-07-14 01:00:00,0
66769,75,2021-07-14 01:00:00,0
62432,73,2021-07-14 01:00:00,0
78944,255,2021-07-14 02:00:00,0
62433,73,2021-07-14 02:00:00,0
66770,75,2021-07-14 02:00:00,0
78945,255,2021-07-14 03:00:00,0
66771,75,2021-07-14 03:00:00,0
62434,73,2021-07-14 03:00:00,0
66772,75,2021-07-14 04:00:00,0
78946,255,2021-07-14 04:00:00,0
62435,73,2021-07-14 04:00:00,0
78947,255,2021-07-14 05:00:00,0
62436,73,2021-07-14 05:00:00,0
66773,75,2021-07-14 05:00:00,0
62437,73,2021-07-14 06:00:00,0
66774,75,2021-07-14 06:00:00,0
78948,255,2021-07-14 06:00:00,0
62438,73,2021-07-14 07:00:00,0.002
78949,255,2021-07-14 07:00:00,0
66775,75,2021-07-14 07:00:00,0.016
62439,73,2021-07-14 08:00:00,0.06
66776,75,2021-07-14 08:00:00,0.171
78950,255,2021-07-14 08:00:00,0.003
62440,73,2021-07-14 09:00:00,0.267
78951,255,2021-07-14 09:00:00,0.043
66777,75,2021-07-14 09:00:00,0.372
62441,73,2021-07-14 10:00:00,0.326
78952,255,2021-07-14 10:00:00,0.294
66778,75,2021-07-14 10:00:00,0.396
78953,255,2021-07-14 11:00:00,0.448
62442,73,2021-07-14 11:00:00,0.784
66779,75,2021-07-14 11:00:00,0.38
78954,255,2021-07-14 12:00:00,0.663
62443,73,2021-07-14 12:00:00,0.447
66780,75,2021-07-14 12:00:00,0.517
78955,255,2021-07-14 13:00:00,0.68
66781,75,2021-07-14 13:00:00,0.688
62444,73,2021-07-14 13:00:00,0.86
62445,73,2021-07-14 14:00:00,0.578
66782,75,2021-07-14 14:00:00,0.572
78956,255,2021-07-14 14:00:00,0.693
78957,255,2021-07-14 15:00:00,0.493
62446,73,2021-07-14 15:00:00,0.669
66783,75,2021-07-14 15:00:00,0.331
78958,255,2021-07-14 16:00:00,0.368
66784,75,2021-07-14 16:00:00,0.136
62447,73,2021-07-14 16:00:00,0.412
62448,73,2021-07-14 17:00:00,0.351
66785,75,2021-07-14 17:00:00,0.038
78959,255,2021-07-14 17:00:00,0.292
78960,255,2021-07-14 18:00:00,0.053
66786,75,2021-07-14 18:00:00,0.021
62449,73,2021-07-14 18:00:00,0.091
66787,75,2021-07-14 19:00:00,0
62450,73,2021-07-14 19:00:00,0
78961,255,2021-07-14 19:00:00,0
62451,73,2021-07-14 20:00:00,0
78962,255,2021-07-14 20:00:00,0
66788,75,2021-07-14 20:00:00,0
62452,73,2021-07-14 21:00:00,0
78963,255,2021-07-14 21:00:00,0
66789,75,2021-07-14 21:00:00,0
62453,73,2021-07-14 22:00:00,0
66790,75,2021-07-14 22:00:00,0
78964,255,2021-07-14 22:00:00,0
78965,255,2021-07-14 23:00:00,0
66791,75,2021-07-14 23:00:00,0
62454,73,2021-07-14 23:00:00,0
62455,73,2021-07-15 00:00:00,0
66792,75,2021-07-15 00:00:00,0
78966,255,2021-07-15 00:00:00,0
62456,73,2021-07-15 01:00:00,0
66793,75,2021-07-15 01:00:00,0
78967,255,2021-07-15 01:00:00,0
62457,73,2021-07-15 02:00:00,0
66794,75,2021-07-15 02:00:00,0
78968,255,2021-07-15 02:00:00,0
62458,73,2021-07-15 03:00:00,0
78969,255,2021-07-15 03:00:00,0
66795,75,2021-07-15 03:00:00,0
66796,75,2021-07-15 04:00:00,0
62459,73,2021-07-15 04:00:00,0
78970,255,2021-07-15 04:00:00,0
66797,75,2021-07-15 05:00:00,0
62460,73,2021-07-15 05:00:00,0
78971,255,2021-07-15 05:00:00,0
78972,255,2021-07-15 06:00:00,0
66798,75,2021-07-15 06:00:00,0
62461,73,2021-07-15 06:00:00,0
66799,75,2021-07-15 07:00:00,0.009
78973,255,2021-07-15 07:00:00,0
62462,73,2021-07-15 07:00:00,0.001
78974,255,2021-07-15 08:00:00,0
66800,75,2021-07-15 08:00:00,0.158
62463,73,2021-07-15 08:00:00,0.058
78975,255,2021-07-15 09:00:00,0.008
62464,73,2021-07-15 09:00:00,0.222
66801,75,2021-07-15 09:00:00,0.337
62465,73,2021-07-15 10:00:00,0.357
66802,75,2021-07-15 10:00:00,0.471
78976,255,2021-07-15 10:00:00,0.267
78977,255,2021-07-15 11:00:00,0.459
66803,75,2021-07-15 11:00:00,0.6
62466,73,2021-07-15 11:00:00,0.53
62467,73,2021-07-15 12:00:00,0.651
78978,255,2021-07-15 12:00:00,0.665
66804,75,2021-07-15 12:00:00,0.605
66805,75,2021-07-15 13:00:00,0.632
78979,255,2021-07-15 13:00:00,0.56
62468,73,2021-07-15 13:00:00,0.709
78980,255,2021-07-15 14:00:00,0.414
62469,73,2021-07-15 14:00:00,0.707
66806,75,2021-07-15 14:00:00,0.59
78981,255,2021-07-15 15:00:00,0.401
62470,73,2021-07-15 15:00:00,0.644
66807,75,2021-07-15 15:00:00,0.375
66808,75,2021-07-15 16:00:00,0.109
78982,255,2021-07-15 16:00:00,0.348
62471,73,2021-07-15 16:00:00,0.146
66809,75,2021-07-15 17:00:00,0.031
62472,73,2021-07-15 17:00:00,0.022
78983,255,2021-07-15 17:00:00,0.067
78984,255,2021-07-15 18:00:00,0
66810,75,2021-07-15 18:00:00,0.018
62473,73,2021-07-15 18:00:00,0.002
62474,73,2021-07-15 19:00:00,0
66811,75,2021-07-15 19:00:00,0
78985,255,2021-07-15 19:00:00,0
78986,255,2021-07-15 20:00:00,0
62475,73,2021-07-15 20:00:00,0
66812,75,2021-07-15 20:00:00,0
62476,73,2021-07-15 21:00:00,0
66813,75,2021-07-15 21:00:00,0
78987,255,2021-07-15 21:00:00,0
66814,75,2021-07-15 22:00:00,0
78988,255,2021-07-15 22:00:00,0
62477,73,2021-07-15 22:00:00,0
62478,73,2021-07-15 23:00:00,0
78989,255,2021-07-15 23:00:00,0
66815,75,2021-07-15 23:00:00,0
66816,75,2021-07-16 00:00:00,0
78990,255,2021-07-16 00:00:00,0
62479,73,2021-07-16 00:00:00,0
62480,73,2021-07-16 01:00:00,0
78991,255,2021-07-16 01:00:00,0
66817,75,2021-07-16 01:00:00,0
62481,73,2021-07-16 02:00:00,0
78992,255,2021-07-16 02:00:00,0
66818,75,2021-07-16 02:00:00,0
78993,255,2021-07-16 03:00:00,0
66819,75,2021-07-16 03:00:00,0
62482,73,2021-07-16 03:00:00,0
78994,255,2021-07-16 04:00:00,0
66820,75,2021-07-16 04:00:00,0
62483,73,2021-07-16 04:00:00,0
78995,255,2021-07-16 05:00:00,0
66821,75,2021-07-16 05:00:00,0
62484,73,2021-07-16 05:00:00,0
78996,255,2021-07-16 06:00:00,0
66822,75,2021-07-16 06:00:00,0
62485,73,2021-07-16 06:00:00,0
66823,75,2021-07-16 07:00:00,0.012
78997,255,2021-07-16 07:00:00,0
62486,73,2021-07-16 07:00:00,0.014
78998,255,2021-07-16 08:00:00,0.014
66824,75,2021-07-16 08:00:00,0.066
62487,73,2021-07-16 08:00:00,0.02
78999,255,2021-07-16 09:00:00,0.113
62488,73,2021-07-16 09:00:00,0.18
66825,75,2021-07-16 09:00:00,0.2
79000,255,2021-07-16 10:00:00,0.316
62489,73,2021-07-16 10:00:00,0.326
66826,75,2021-07-16 10:00:00,0.419
79001,255,2021-07-16 11:00:00,0.492
66827,75,2021-07-16 11:00:00,0.656
62490,73,2021-07-16 11:00:00,0.223
79002,255,2021-07-16 12:00:00,0.683
62491,73,2021-07-16 12:00:00,0.415
66828,75,2021-07-16 12:00:00,0.691
62492,73,2021-07-16 13:00:00,0.386
79003,255,2021-07-16 13:00:00,0.693
66829,75,2021-07-16 13:00:00,0.078
66830,75,2021-07-16 14:00:00,0.658
62493,73,2021-07-16 14:00:00,0.475
79004,255,2021-07-16 14:00:00,0.389
62494,73,2021-07-16 15:00:00,0.42
66831,75,2021-07-16 15:00:00,0.326
79005,255,2021-07-16 15:00:00,0.309
79006,255,2021-07-16 16:00:00,0.231
66832,75,2021-07-16 16:00:00,0.001
62495,73,2021-07-16 16:00:00,0.146
66833,75,2021-07-16 17:00:00,0.03
62496,73,2021-07-16 17:00:00,0.111
79007,255,2021-07-16 17:00:00,0.09
62497,73,2021-07-16 18:00:00,0.006
66834,75,2021-07-16 18:00:00,0.013
79008,255,2021-07-16 18:00:00,0.005
62498,73,2021-07-16 19:00:00,0
66835,75,2021-07-16 19:00:00,0
79009,255,2021-07-16 19:00:00,0
79010,255,2021-07-16 20:00:00,0
66836,75,2021-07-16 20:00:00,0
62499,73,2021-07-16 20:00:00,0
79011,255,2021-07-16 21:00:00,0
66837,75,2021-07-16 21:00:00,0
62500,73,2021-07-16 21:00:00,0
62501,73,2021-07-16 22:00:00,0
66838,75,2021-07-16 22:00:00,0
79012,255,2021-07-16 22:00:00,0
62502,73,2021-07-16 23:00:00,0
79013,255,2021-07-16 23:00:00,0
66839,75,2021-07-16 23:00:00,0
66840,75,2021-07-17 00:00:00,0
62503,73,2021-07-17 00:00:00,0
79014,255,2021-07-17 00:00:00,0
79015,255,2021-07-17 01:00:00,0
66841,75,2021-07-17 01:00:00,0
62504,73,2021-07-17 01:00:00,0
79016,255,2021-07-17 02:00:00,0
62505,73,2021-07-17 02:00:00,0
66842,75,2021-07-17 02:00:00,0
62506,73,2021-07-17 03:00:00,0
79017,255,2021-07-17 03:00:00,0
66843,75,2021-07-17 03:00:00,0
62507,73,2021-07-17 04:00:00,0
79018,255,2021-07-17 04:00:00,0
66844,75,2021-07-17 04:00:00,0
66845,75,2021-07-17 05:00:00,0
79019,255,2021-07-17 05:00:00,0
62508,73,2021-07-17 05:00:00,0
62509,73,2021-07-17 06:00:00,0
66846,75,2021-07-17 06:00:00,0
79020,255,2021-07-17 06:00:00,0
66847,75,2021-07-17 07:00:00,0.013
62510,73,2021-07-17 07:00:00,0.004
79021,255,2021-07-17 07:00:00,0
79022,255,2021-07-17 08:00:00,0
62511,73,2021-07-17 08:00:00,0.042
66848,75,2021-07-17 08:00:00,0.103
79023,255,2021-07-17 09:00:00,0.005
66849,75,2021-07-17 09:00:00,0.253
62512,73,2021-07-17 09:00:00,0.134
62513,73,2021-07-17 10:00:00,0.331
79024,255,2021-07-17 10:00:00,0.28
66850,75,2021-07-17 10:00:00,0.227
62514,73,2021-07-17 11:00:00,0.567
79025,255,2021-07-17 11:00:00,0.502
66851,75,2021-07-17 11:00:00,0.589
66852,75,2021-07-17 12:00:00,0.662
79026,255,2021-07-17 12:00:00,0.697
62515,73,2021-07-17 12:00:00,0.69
66853,75,2021-07-17 13:00:00,0.475
79027,255,2021-07-17 13:00:00,0.684
62516,73,2021-07-17 13:00:00,0.77
62517,73,2021-07-17 14:00:00,0.763
79028,255,2021-07-17 14:00:00,0.732
66854,75,2021-07-17 14:00:00,0.569
66855,75,2021-07-17 15:00:00,0.183
62518,73,2021-07-17 15:00:00,0.693
79029,255,2021-07-17 15:00:00,0.584
62519,73,2021-07-17 16:00:00,0.502
79030,255,2021-07-17 16:00:00,0.382
66856,75,2021-07-17 16:00:00,0.108
66857,75,2021-07-17 17:00:00,0.008
62520,73,2021-07-17 17:00:00,0.319
79031,255,2021-07-17 17:00:00,0.14
66858,75,2021-07-17 18:00:00,0.005
79032,255,2021-07-17 18:00:00,0.016
62521,73,2021-07-17 18:00:00,0.043
62522,73,2021-07-17 19:00:00,0
66859,75,2021-07-17 19:00:00,0
79033,255,2021-07-17 19:00:00,0
66860,75,2021-07-17 20:00:00,0
79034,255,2021-07-17 20:00:00,0
62523,73,2021-07-17 20:00:00,0
62524,73,2021-07-17 21:00:00,0
79035,255,2021-07-17 21:00:00,0
66861,75,2021-07-17 21:00:00,0
66862,75,2021-07-17 22:00:00,0
79036,255,2021-07-17 22:00:00,0
62525,73,2021-07-17 22:00:00,0
62526,73,2021-07-17 23:00:00,0
66863,75,2021-07-17 23:00:00,0
79037,255,2021-07-17 23:00:00,0
79038,255,2021-07-18 00:00:00,0
62527,73,2021-07-18 00:00:00,0
66864,75,2021-07-18 00:00:00,0
62528,73,2021-07-18 01:00:00,0
66865,75,2021-07-18 01:00:00,0
79039,255,2021-07-18 01:00:00,0
79040,255,2021-07-18 02:00:00,0
66866,75,2021-07-18 02:00:00,0
62529,73,2021-07-18 02:00:00,0
62530,73,2021-07-18 03:00:00,0
66867,75,2021-07-18 03:00:00,0
79041,255,2021-07-18 03:00:00,0
79042,255,2021-07-18 04:00:00,0
62531,73,2021-07-18 04:00:00,0
66868,75,2021-07-18 04:00:00,0
62532,73,2021-07-18 05:00:00,0
66869,75,2021-07-18 05:00:00,0
79043,255,2021-07-18 05:00:00,0
62533,73,2021-07-18 06:00:00,0
66870,75,2021-07-18 06:00:00,0
79044,255,2021-07-18 06:00:00,0
66871,75,2021-07-18 07:00:00,0.007
62534,73,2021-07-18 07:00:00,0.002
79045,255,2021-07-18 07:00:00,0
79046,255,2021-07-18 08:00:00,0.016
66872,75,2021-07-18 08:00:00,0.156
62535,73,2021-07-18 08:00:00,0.092
79047,255,2021-07-18 09:00:00,0.033
62536,73,2021-07-18 09:00:00,0.171
66873,75,2021-07-18 09:00:00,0.287
79048,255,2021-07-18 10:00:00,0.255
62537,73,2021-07-18 10:00:00,0.448
66874,75,2021-07-18 10:00:00,0.459
62538,73,2021-07-18 11:00:00,0.612
79049,255,2021-07-18 11:00:00,0.533
66875,75,2021-07-18 11:00:00,0.538
66876,75,2021-07-18 12:00:00,0.552
79050,255,2021-07-18 12:00:00,0.671
62539,73,2021-07-18 12:00:00,0.72
66877,75,2021-07-18 13:00:00,0.474
62540,73,2021-07-18 13:00:00,0.422
79051,255,2021-07-18 13:00:00,0.516
62541,73,2021-07-18 14:00:00,0.339
79052,255,2021-07-18 14:00:00,0.337
66878,75,2021-07-18 14:00:00,0.368
66879,75,2021-07-18 15:00:00,0.127
62542,73,2021-07-18 15:00:00,0.282
79053,255,2021-07-18 15:00:00,0.273
62543,73,2021-07-18 16:00:00,0.102
79054,255,2021-07-18 16:00:00,0.071
66880,75,2021-07-18 16:00:00,0.084
62544,73,2021-07-18 17:00:00,0.065
79055,255,2021-07-18 17:00:00,0.037
66881,75,2021-07-18 17:00:00,0
79056,255,2021-07-18 18:00:00,0.02
66882,75,2021-07-18 18:00:00,0.009
62545,73,2021-07-18 18:00:00,0.006
66883,75,2021-07-18 19:00:00,0
79057,255,2021-07-18 19:00:00,0
62546,73,2021-07-18 19:00:00,0
79058,255,2021-07-18 20:00:00,0
66884,75,2021-07-18 20:00:00,0
62547,73,2021-07-18 20:00:00,0
79059,255,2021-07-18 21:00:00,0
62548,73,2021-07-18 21:00:00,0
66885,75,2021-07-18 21:00:00,0
79060,255,2021-07-18 22:00:00,0
62549,73,2021-07-18 22:00:00,0
66886,75,2021-07-18 22:00:00,0
79061,255,2021-07-18 23:00:00,0
66887,75,2021-07-18 23:00:00,0
62550,73,2021-07-18 23:00:00,0
62551,73,2021-07-19 00:00:00,0
66888,75,2021-07-19 00:00:00,0
79062,255,2021-07-19 00:00:00,0
66889,75,2021-07-19 01:00:00,0
62552,73,2021-07-19 01:00:00,0
79063,255,2021-07-19 01:00:00,0
79064,255,2021-07-19 02:00:00,0
62553,73,2021-07-19 02:00:00,0
66890,75,2021-07-19 02:00:00,0
79065,255,2021-07-19 03:00:00,0
66891,75,2021-07-19 03:00:00,0
62554,73,2021-07-19 03:00:00,0
66892,75,2021-07-19 04:00:00,0
62555,73,2021-07-19 04:00:00,0
79066,255,2021-07-19 04:00:00,0
62556,73,2021-07-19 05:00:00,0
66893,75,2021-07-19 05:00:00,0
79067,255,2021-07-19 05:00:00,0
62557,73,2021-07-19 06:00:00,0
66894,75,2021-07-19 06:00:00,0
79068,255,2021-07-19 06:00:00,0
62558,73,2021-07-19 07:00:00,0.006
79069,255,2021-07-19 07:00:00,0
66895,75,2021-07-19 07:00:00,0.011
79070,255,2021-07-19 08:00:00,0
66896,75,2021-07-19 08:00:00,0.045
62559,73,2021-07-19 08:00:00,0.013
79071,255,2021-07-19 09:00:00,0.019
66897,75,2021-07-19 09:00:00,0.456
62560,73,2021-07-19 09:00:00,0.104
79072,255,2021-07-19 10:00:00,0.222
62561,73,2021-07-19 10:00:00,0.269
66898,75,2021-07-19 10:00:00,0.744
66899,75,2021-07-19 11:00:00,0.637
79073,255,2021-07-19 11:00:00,0.339
62562,73,2021-07-19 11:00:00,0.554
79074,255,2021-07-19 12:00:00,0.347
66900,75,2021-07-19 12:00:00,0.824
62563,73,2021-07-19 12:00:00,0.368
79075,255,2021-07-19 13:00:00,0.229
66901,75,2021-07-19 13:00:00,0.568
62564,73,2021-07-19 13:00:00,0.438
66902,75,2021-07-19 14:00:00,0.629
62565,73,2021-07-19 14:00:00,0.858
79076,255,2021-07-19 14:00:00,0.205
62566,73,2021-07-19 15:00:00,0.576
79077,255,2021-07-19 15:00:00,0.295
66903,75,2021-07-19 15:00:00,0.308
79078,255,2021-07-19 16:00:00,0.247
66904,75,2021-07-19 16:00:00,0.136
62567,73,2021-07-19 16:00:00,0.305
66905,75,2021-07-19 17:00:00,0.034
62568,73,2021-07-19 17:00:00,0.135
79079,255,2021-07-19 17:00:00,0.149
79080,255,2021-07-19 18:00:00,0.044
66906,75,2021-07-19 18:00:00,0.005
62569,73,2021-07-19 18:00:00,0.025
66907,75,2021-07-19 19:00:00,0
62570,73,2021-07-19 19:00:00,0
79081,255,2021-07-19 19:00:00,0
79082,255,2021-07-19 20:00:00,0
66908,75,2021-07-19 20:00:00,0
62571,73,2021-07-19 20:00:00,0
79083,255,2021-07-19 21:00:00,0
62572,73,2021-07-19 21:00:00,0
66909,75,2021-07-19 21:00:00,0
66910,75,2021-07-19 22:00:00,0
79084,255,2021-07-19 22:00:00,0
62573,73,2021-07-19 22:00:00,0
62574,73,2021-07-19 23:00:00,0
79085,255,2021-07-19 23:00:00,0
66911,75,2021-07-19 23:00:00,0
66912,75,2021-07-20 00:00:00,0
62575,73,2021-07-20 00:00:00,0
79086,255,2021-07-20 00:00:00,0
62576,73,2021-07-20 01:00:00,0
66913,75,2021-07-20 01:00:00,0
79087,255,2021-07-20 01:00:00,0
62577,73,2021-07-20 02:00:00,0
79088,255,2021-07-20 02:00:00,0
66914,75,2021-07-20 02:00:00,0
79089,255,2021-07-20 03:00:00,0
66915,75,2021-07-20 03:00:00,0
62578,73,2021-07-20 03:00:00,0
62579,73,2021-07-20 04:00:00,0
79090,255,2021-07-20 04:00:00,0
66916,75,2021-07-20 04:00:00,0
62580,73,2021-07-20 05:00:00,0
79091,255,2021-07-20 05:00:00,0
66917,75,2021-07-20 05:00:00,0
66918,75,2021-07-20 06:00:00,0
79092,255,2021-07-20 06:00:00,0
62581,73,2021-07-20 06:00:00,0
62582,73,2021-07-20 07:00:00,0
66919,75,2021-07-20 07:00:00,0.01
79093,255,2021-07-20 07:00:00,0
62583,73,2021-07-20 08:00:00,0.06
79094,255,2021-07-20 08:00:00,0
66920,75,2021-07-20 08:00:00,0.096
62584,73,2021-07-20 09:00:00,0.249
66921,75,2021-07-20 09:00:00,0.124
79095,255,2021-07-20 09:00:00,0.005
62585,73,2021-07-20 10:00:00,0.425
79096,255,2021-07-20 10:00:00,0.236
66922,75,2021-07-20 10:00:00,0.482
62586,73,2021-07-20 11:00:00,0.632
66923,75,2021-07-20 11:00:00,0.607
79097,255,2021-07-20 11:00:00,0.481
79098,255,2021-07-20 12:00:00,0.658
66924,75,2021-07-20 12:00:00,0.517
62587,73,2021-07-20 12:00:00,0.669
66925,75,2021-07-20 13:00:00,0.513
62588,73,2021-07-20 13:00:00,0.673
79099,255,2021-07-20 13:00:00,0.71
66926,75,2021-07-20 14:00:00,0.462
79100,255,2021-07-20 14:00:00,0.278
62589,73,2021-07-20 14:00:00,0.585
66927,75,2021-07-20 15:00:00,0.345
79101,255,2021-07-20 15:00:00,0.223
62590,73,2021-07-20 15:00:00,0.614
62591,73,2021-07-20 16:00:00,0.309
66928,75,2021-07-20 16:00:00,0.103
79102,255,2021-07-20 16:00:00,0.12
66929,75,2021-07-20 17:00:00,0.025
62592,73,2021-07-20 17:00:00,0.162
79103,255,2021-07-20 17:00:00,0.029
62593,73,2021-07-20 18:00:00,0.006
66930,75,2021-07-20 18:00:00,0.005
79104,255,2021-07-20 18:00:00,0.003
62594,73,2021-07-20 19:00:00,0
66931,75,2021-07-20 19:00:00,0
79105,255,2021-07-20 19:00:00,0
66932,75,2021-07-20 20:00:00,0
62595,73,2021-07-20 20:00:00,0
79106,255,2021-07-20 20:00:00,0
66933,75,2021-07-20 21:00:00,0
79107,255,2021-07-20 21:00:00,0
62596,73,2021-07-20 21:00:00,0
79108,255,2021-07-20 22:00:00,0
62597,73,2021-07-20 22:00:00,0
66934,75,2021-07-20 22:00:00,0
66935,75,2021-07-20 23:00:00,0
79109,255,2021-07-20 23:00:00,0
62598,73,2021-07-20 23:00:00,0
66936,75,2021-07-21 00:00:00,0
79110,255,2021-07-21 00:00:00,0
62599,73,2021-07-21 00:00:00,0
79111,255,2021-07-21 01:00:00,0
66937,75,2021-07-21 01:00:00,0
62600,73,2021-07-21 01:00:00,0
79112,255,2021-07-21 02:00:00,0
62601,73,2021-07-21 02:00:00,0
66938,75,2021-07-21 02:00:00,0
66939,75,2021-07-21 03:00:00,0
62602,73,2021-07-21 03:00:00,0
79113,255,2021-07-21 03:00:00,0
66940,75,2021-07-21 04:00:00,0
79114,255,2021-07-21 04:00:00,0
62603,73,2021-07-21 04:00:00,0
62604,73,2021-07-21 05:00:00,0
66941,75,2021-07-21 05:00:00,0
79115,255,2021-07-21 05:00:00,0
79116,255,2021-07-21 06:00:00,0
62605,73,2021-07-21 06:00:00,0
66942,75,2021-07-21 06:00:00,0
66943,75,2021-07-21 07:00:00,0.003
62606,73,2021-07-21 07:00:00,0
79117,255,2021-07-21 07:00:00,0
79118,255,2021-07-21 08:00:00,0
62607,73,2021-07-21 08:00:00,0.059
66944,75,2021-07-21 08:00:00,0.087
66945,75,2021-07-21 09:00:00,0.346
79119,255,2021-07-21 09:00:00,0.022
62608,73,2021-07-21 09:00:00,0.172
79120,255,2021-07-21 10:00:00,0.308
66946,75,2021-07-21 10:00:00,0.513
62609,73,2021-07-21 10:00:00,0.288
79121,255,2021-07-21 11:00:00,0.535
62610,73,2021-07-21 11:00:00,0.233
66947,75,2021-07-21 11:00:00,0.685
62611,73,2021-07-21 12:00:00,0.582
66948,75,2021-07-21 12:00:00,0.669
79122,255,2021-07-21 12:00:00,0.513
66949,75,2021-07-21 13:00:00,0.55
79123,255,2021-07-21 13:00:00,0.468
62612,73,2021-07-21 13:00:00,0.559
66950,75,2021-07-21 14:00:00,0.328
62613,73,2021-07-21 14:00:00,0.27575
79124,255,2021-07-21 14:00:00,0.316
79125,255,2021-07-21 15:00:00,0.197
62614,73,2021-07-21 15:00:00,0.09275
66951,75,2021-07-21 15:00:00,0.217
62615,73,2021-07-21 16:00:00,0.029
66952,75,2021-07-21 16:00:00,0.093
79126,255,2021-07-21 16:00:00,0.15
79127,255,2021-07-21 17:00:00,0.146
66953,75,2021-07-21 17:00:00,0.017
62616,73,2021-07-21 17:00:00,0.338
66954,75,2021-07-21 18:00:00,0
79128,255,2021-07-21 18:00:00,0.026
62617,73,2021-07-21 18:00:00,0.069
66955,75,2021-07-21 19:00:00,0
79129,255,2021-07-21 19:00:00,0
62618,73,2021-07-21 19:00:00,0
79130,255,2021-07-21 20:00:00,0
66956,75,2021-07-21 20:00:00,0
62619,73,2021-07-21 20:00:00,0
62620,73,2021-07-21 21:00:00,0
79131,255,2021-07-21 21:00:00,0
66957,75,2021-07-21 21:00:00,0
66958,75,2021-07-21 22:00:00,0
79132,255,2021-07-21 22:00:00,0
62621,73,2021-07-21 22:00:00,0
62622,73,2021-07-21 23:00:00,0
79133,255,2021-07-21 23:00:00,0
66959,75,2021-07-21 23:00:00,0
66960,75,2021-07-22 00:00:00,0
62623,73,2021-07-22 00:00:00,0
79134,255,2021-07-22 00:00:00,0
62624,73,2021-07-22 01:00:00,0
66961,75,2021-07-22 01:00:00,0
79135,255,2021-07-22 01:00:00,0
62625,73,2021-07-22 02:00:00,0
66962,75,2021-07-22 02:00:00,0
79136,255,2021-07-22 02:00:00,0
66963,75,2021-07-22 03:00:00,0
79137,255,2021-07-22 03:00:00,0
62626,73,2021-07-22 03:00:00,0
79138,255,2021-07-22 04:00:00,0
66964,75,2021-07-22 04:00:00,0
62627,73,2021-07-22 04:00:00,0
79139,255,2021-07-22 05:00:00,0
66965,75,2021-07-22 05:00:00,0
62628,73,2021-07-22 05:00:00,0
79140,255,2021-07-22 06:00:00,0
66966,75,2021-07-22 06:00:00,0
62629,73,2021-07-22 06:00:00,0
66967,75,2021-07-22 07:00:00,0.01
62630,73,2021-07-22 07:00:00,0.001
79141,255,2021-07-22 07:00:00,0
66968,75,2021-07-22 08:00:00,0.027
79142,255,2021-07-22 08:00:00,0
62631,73,2021-07-22 08:00:00,0.051
62632,73,2021-07-22 09:00:00,0.191
66969,75,2021-07-22 09:00:00,0.519
79143,255,2021-07-22 09:00:00,0.032
66970,75,2021-07-22 10:00:00,0.496
79144,255,2021-07-22 10:00:00,0.241
62633,73,2021-07-22 10:00:00,0.288
62634,73,2021-07-22 11:00:00,0.415
66971,75,2021-07-22 11:00:00,0.425
79145,255,2021-07-22 11:00:00,0.297
79146,255,2021-07-22 12:00:00,0.25
62635,73,2021-07-22 12:00:00,0.369
66972,75,2021-07-22 12:00:00,0.514
66973,75,2021-07-22 13:00:00,0.764
62636,73,2021-07-22 13:00:00,0.533
79147,255,2021-07-22 13:00:00,0.318
79148,255,2021-07-22 14:00:00,0.227
66974,75,2021-07-22 14:00:00,0.341
62637,73,2021-07-22 14:00:00,0.329
79149,255,2021-07-22 15:00:00,0.258
66975,75,2021-07-22 15:00:00,0.439
62638,73,2021-07-22 15:00:00,0.35
79150,255,2021-07-22 16:00:00,0.139
66976,75,2021-07-22 16:00:00,0.095
62639,73,2021-07-22 16:00:00,0.159
66977,75,2021-07-22 17:00:00,0.024
62640,73,2021-07-22 17:00:00,0.029
79151,255,2021-07-22 17:00:00,0.075
62641,73,2021-07-22 18:00:00,0.004
66978,75,2021-07-22 18:00:00,0.008
79152,255,2021-07-22 18:00:00,0.004
79153,255,2021-07-22 19:00:00,0
62642,73,2021-07-22 19:00:00,0
66979,75,2021-07-22 19:00:00,0
79154,255,2021-07-22 20:00:00,0
62643,73,2021-07-22 20:00:00,0
66980,75,2021-07-22 20:00:00,0
79155,255,2021-07-22 21:00:00,0
66981,75,2021-07-22 21:00:00,0
62644,73,2021-07-22 21:00:00,0
79156,255,2021-07-22 22:00:00,0
66982,75,2021-07-22 22:00:00,0
62645,73,2021-07-22 22:00:00,0
66983,75,2021-07-22 23:00:00,0
62646,73,2021-07-22 23:00:00,0
79157,255,2021-07-22 23:00:00,0
66984,75,2021-07-23 00:00:00,0
62647,73,2021-07-23 00:00:00,0
79158,255,2021-07-23 00:00:00,0
62648,73,2021-07-23 01:00:00,0
66985,75,2021-07-23 01:00:00,0
79159,255,2021-07-23 01:00:00,0
62649,73,2021-07-23 02:00:00,0
79160,255,2021-07-23 02:00:00,0
66986,75,2021-07-23 02:00:00,0
62650,73,2021-07-23 03:00:00,0
66987,75,2021-07-23 03:00:00,0
79161,255,2021-07-23 03:00:00,0
62651,73,2021-07-23 04:00:00,0
79162,255,2021-07-23 04:00:00,0
66988,75,2021-07-23 04:00:00,0
62652,73,2021-07-23 05:00:00,0
66989,75,2021-07-23 05:00:00,0
79163,255,2021-07-23 05:00:00,0
62653,73,2021-07-23 06:00:00,0
79164,255,2021-07-23 06:00:00,0
66990,75,2021-07-23 06:00:00,0
66991,75,2021-07-23 07:00:00,0.019
62654,73,2021-07-23 07:00:00,0.006
79165,255,2021-07-23 07:00:00,0
62655,73,2021-07-23 08:00:00,0.057
79166,255,2021-07-23 08:00:00,0.005
66992,75,2021-07-23 08:00:00,0.04
66993,75,2021-07-23 09:00:00,0.251
79167,255,2021-07-23 09:00:00,0.016
62656,73,2021-07-23 09:00:00,0.172
79168,255,2021-07-23 10:00:00,0.266
66994,75,2021-07-23 10:00:00,0.391
62657,73,2021-07-23 10:00:00,0.37
79169,255,2021-07-23 11:00:00,0.498
62658,73,2021-07-23 11:00:00,0.507
66995,75,2021-07-23 11:00:00,0.558
66996,75,2021-07-23 12:00:00,0.615
62659,73,2021-07-23 12:00:00,0.359
79170,255,2021-07-23 12:00:00,0.667
79171,255,2021-07-23 13:00:00,0.409
66997,75,2021-07-23 13:00:00,0.556
62660,73,2021-07-23 13:00:00,0.331
62661,73,2021-07-23 14:00:00,0.616
79172,255,2021-07-23 14:00:00,0.292
66998,75,2021-07-23 14:00:00,0.514
66999,75,2021-07-23 15:00:00,0.29
62662,73,2021-07-23 15:00:00,0.436
79173,255,2021-07-23 15:00:00,0.35
79174,255,2021-07-23 16:00:00,0.226
67000,75,2021-07-23 16:00:00,0.09
62663,73,2021-07-23 16:00:00,0.279
62664,73,2021-07-23 17:00:00,0.171
79175,255,2021-07-23 17:00:00,0.058
67001,75,2021-07-23 17:00:00,0.012
79176,255,2021-07-23 18:00:00,0.003
62665,73,2021-07-23 18:00:00,0.032
67002,75,2021-07-23 18:00:00,0.004
62666,73,2021-07-23 19:00:00,0
79177,255,2021-07-23 19:00:00,0
67003,75,2021-07-23 19:00:00,0
79178,255,2021-07-23 20:00:00,0
62667,73,2021-07-23 20:00:00,0
67004,75,2021-07-23 20:00:00,0
79179,255,2021-07-23 21:00:00,0
62668,73,2021-07-23 21:00:00,0
67005,75,2021-07-23 21:00:00,0
62669,73,2021-07-23 22:00:00,0
79180,255,2021-07-23 22:00:00,0
67006,75,2021-07-23 22:00:00,0
79181,255,2021-07-23 23:00:00,0
67007,75,2021-07-23 23:00:00,0
62670,73,2021-07-23 23:00:00,0
67008,75,2021-07-24 00:00:00,0
79182,255,2021-07-24 00:00:00,0
62671,73,2021-07-24 00:00:00,0
62672,73,2021-07-24 01:00:00,0
67009,75,2021-07-24 01:00:00,0
79183,255,2021-07-24 01:00:00,0
67010,75,2021-07-24 02:00:00,0
62673,73,2021-07-24 02:00:00,0
79184,255,2021-07-24 02:00:00,0
62674,73,2021-07-24 03:00:00,0
67011,75,2021-07-24 03:00:00,0
79185,255,2021-07-24 03:00:00,0
79186,255,2021-07-24 04:00:00,0
62675,73,2021-07-24 04:00:00,0
67012,75,2021-07-24 04:00:00,0
62676,73,2021-07-24 05:00:00,0
67013,75,2021-07-24 05:00:00,0
79187,255,2021-07-24 05:00:00,0
79188,255,2021-07-24 06:00:00,0
62677,73,2021-07-24 06:00:00,0
67014,75,2021-07-24 06:00:00,0
67015,75,2021-07-24 07:00:00,0
62678,73,2021-07-24 07:00:00,0.006
79189,255,2021-07-24 07:00:00,0
62679,73,2021-07-24 08:00:00,0.045
79190,255,2021-07-24 08:00:00,0.015
67016,75,2021-07-24 08:00:00,0
79191,255,2021-07-24 09:00:00,0.07
67017,75,2021-07-24 09:00:00,0.009
62680,73,2021-07-24 09:00:00,0.248
79192,255,2021-07-24 10:00:00,0.174
62681,73,2021-07-24 10:00:00,0.123
67018,75,2021-07-24 10:00:00,0.079
62682,73,2021-07-24 11:00:00,0.221
79193,255,2021-07-24 11:00:00,0.229
67019,75,2021-07-24 11:00:00,0.108
67020,75,2021-07-24 12:00:00,0.441
62683,73,2021-07-24 12:00:00,0.397
79194,255,2021-07-24 12:00:00,0.292
67021,75,2021-07-24 13:00:00,0.701
79195,255,2021-07-24 13:00:00,0.053
62684,73,2021-07-24 13:00:00,1.01
67022,75,2021-07-24 14:00:00,0.421
62685,73,2021-07-24 14:00:00,0.321
79196,255,2021-07-24 14:00:00,0.016
79197,255,2021-07-24 15:00:00,0.059
67023,75,2021-07-24 15:00:00,0.051
62686,73,2021-07-24 15:00:00,0.349
79198,255,2021-07-24 16:00:00,0.1
67024,75,2021-07-24 16:00:00,0.049
62687,73,2021-07-24 16:00:00,0.184
62688,73,2021-07-24 17:00:00,0.356
67025,75,2021-07-24 17:00:00,0.017
79199,255,2021-07-24 17:00:00,0.044
67026,75,2021-07-24 18:00:00,0.005
79200,255,2021-07-24 18:00:00,0
62689,73,2021-07-24 18:00:00,0.01
67027,75,2021-07-24 19:00:00,0
79201,255,2021-07-24 19:00:00,0
62690,73,2021-07-24 19:00:00,0
79202,255,2021-07-24 20:00:00,0
62691,73,2021-07-24 20:00:00,0
67028,75,2021-07-24 20:00:00,0
62692,73,2021-07-24 21:00:00,0
79203,255,2021-07-24 21:00:00,0
67029,75,2021-07-24 21:00:00,0
79204,255,2021-07-24 22:00:00,0
62693,73,2021-07-24 22:00:00,0
67030,75,2021-07-24 22:00:00,0
79205,255,2021-07-24 23:00:00,0
67031,75,2021-07-24 23:00:00,0
62694,73,2021-07-24 23:00:00,0
79206,255,2021-07-25 00:00:00,0
67032,75,2021-07-25 00:00:00,0
62695,73,2021-07-25 00:00:00,0
79207,255,2021-07-25 01:00:00,0
62696,73,2021-07-25 01:00:00,0
67033,75,2021-07-25 01:00:00,0
67034,75,2021-07-25 02:00:00,0
62697,73,2021-07-25 02:00:00,0
79208,255,2021-07-25 02:00:00,0
62698,73,2021-07-25 03:00:00,0
79209,255,2021-07-25 03:00:00,0
67035,75,2021-07-25 03:00:00,0
67036,75,2021-07-25 04:00:00,0
79210,255,2021-07-25 04:00:00,0
62699,73,2021-07-25 04:00:00,0
79211,255,2021-07-25 05:00:00,0
67037,75,2021-07-25 05:00:00,0
62700,73,2021-07-25 05:00:00,0
62701,73,2021-07-25 06:00:00,0
67038,75,2021-07-25 06:00:00,0
79212,255,2021-07-25 06:00:00,0
62702,73,2021-07-25 07:00:00,0
67039,75,2021-07-25 07:00:00,0.002
79213,255,2021-07-25 07:00:00,0
67040,75,2021-07-25 08:00:00,0.115
79214,255,2021-07-25 08:00:00,0
62703,73,2021-07-25 08:00:00,0
79215,255,2021-07-25 09:00:00,0
62704,73,2021-07-25 09:00:00,0
67041,75,2021-07-25 09:00:00,0.152
62705,73,2021-07-25 10:00:00,0.042
79216,255,2021-07-25 10:00:00,0.055
67042,75,2021-07-25 10:00:00,0.238
67043,75,2021-07-25 11:00:00,0.292
79217,255,2021-07-25 11:00:00,0.252
62706,73,2021-07-25 11:00:00,0.286
67044,75,2021-07-25 12:00:00,0.824
62707,73,2021-07-25 12:00:00,0.473
79218,255,2021-07-25 12:00:00,0.378
67045,75,2021-07-25 13:00:00,0.499
79219,255,2021-07-25 13:00:00,0.661
62708,73,2021-07-25 13:00:00,0.328
79220,255,2021-07-25 14:00:00,0.49
67046,75,2021-07-25 14:00:00,0.211
62709,73,2021-07-25 14:00:00,0.349
62710,73,2021-07-25 15:00:00,0.15
79221,255,2021-07-25 15:00:00,0.356
67047,75,2021-07-25 15:00:00,0.224
67048,75,2021-07-25 16:00:00,0.104
62711,73,2021-07-25 16:00:00,0.0755
79222,255,2021-07-25 16:00:00,0.047
62712,73,2021-07-25 17:00:00,0.001
79223,255,2021-07-25 17:00:00,0
67049,75,2021-07-25 17:00:00,0.035
67050,75,2021-07-25 18:00:00,0.001
62713,73,2021-07-25 18:00:00,0
79224,255,2021-07-25 18:00:00,0
67051,75,2021-07-25 19:00:00,0
79225,255,2021-07-25 19:00:00,0
62714,73,2021-07-25 19:00:00,0
79226,255,2021-07-25 20:00:00,0
62715,73,2021-07-25 20:00:00,0
67052,75,2021-07-25 20:00:00,0
67053,75,2021-07-25 21:00:00,0
79227,255,2021-07-25 21:00:00,0
62716,73,2021-07-25 21:00:00,0
62717,73,2021-07-25 22:00:00,0
79228,255,2021-07-25 22:00:00,0
67054,75,2021-07-25 22:00:00,0
67055,75,2021-07-25 23:00:00,0
62718,73,2021-07-25 23:00:00,0
79229,255,2021-07-25 23:00:00,0
67056,75,2021-07-26 00:00:00,0
79230,255,2021-07-26 00:00:00,0
62719,73,2021-07-26 00:00:00,0
79231,255,2021-07-26 01:00:00,0
62720,73,2021-07-26 01:00:00,0
67057,75,2021-07-26 01:00:00,0
67058,75,2021-07-26 02:00:00,0
79232,255,2021-07-26 02:00:00,0
62721,73,2021-07-26 02:00:00,0
62722,73,2021-07-26 03:00:00,0
79233,255,2021-07-26 03:00:00,0
67059,75,2021-07-26 03:00:00,0
79234,255,2021-07-26 04:00:00,0
62723,73,2021-07-26 04:00:00,0
67060,75,2021-07-26 04:00:00,0
67061,75,2021-07-26 05:00:00,0
79235,255,2021-07-26 05:00:00,0
62724,73,2021-07-26 05:00:00,0
79236,255,2021-07-26 06:00:00,0
67062,75,2021-07-26 06:00:00,0
62725,73,2021-07-26 06:00:00,0
79237,255,2021-07-26 07:00:00,0
62726,73,2021-07-26 07:00:00,0.01
67063,75,2021-07-26 07:00:00,0.03
67064,75,2021-07-26 08:00:00,0.099
62727,73,2021-07-26 08:00:00,0.078
79238,255,2021-07-26 08:00:00,0.016
67065,75,2021-07-26 09:00:00,0.263
62728,73,2021-07-26 09:00:00,0.2
79239,255,2021-07-26 09:00:00,0.085
79240,255,2021-07-26 10:00:00,0.286
67066,75,2021-07-26 10:00:00,0.237
62729,73,2021-07-26 10:00:00,0.386
67067,75,2021-07-26 11:00:00,0.482
79241,255,2021-07-26 11:00:00,0.489
62730,73,2021-07-26 11:00:00,0.383
67068,75,2021-07-26 12:00:00,0.582
62731,73,2021-07-26 12:00:00,0.677
79242,255,2021-07-26 12:00:00,0.699
79243,255,2021-07-26 13:00:00,0.745
62732,73,2021-07-26 13:00:00,0.431
67069,75,2021-07-26 13:00:00,0.689
67070,75,2021-07-26 14:00:00,0.612
62733,73,2021-07-26 14:00:00,0.473
79244,255,2021-07-26 14:00:00,0.6
67071,75,2021-07-26 15:00:00,0.315
62734,73,2021-07-26 15:00:00,0.294
79245,255,2021-07-26 15:00:00,0.387
62735,73,2021-07-26 16:00:00,0.525
67072,75,2021-07-26 16:00:00,0.093
79246,255,2021-07-26 16:00:00,0.423
62736,73,2021-07-26 17:00:00,0.182
67073,75,2021-07-26 17:00:00,0.015
79247,255,2021-07-26 17:00:00,0.213
67074,75,2021-07-26 18:00:00,0.002
79248,255,2021-07-26 18:00:00,0.01
62737,73,2021-07-26 18:00:00,0.016
79249,255,2021-07-26 19:00:00,0
67075,75,2021-07-26 19:00:00,0
62738,73,2021-07-26 19:00:00,0
62739,73,2021-07-26 20:00:00,0
79250,255,2021-07-26 20:00:00,0
67076,75,2021-07-26 20:00:00,0
79251,255,2021-07-26 21:00:00,0
62740,73,2021-07-26 21:00:00,0
67077,75,2021-07-26 21:00:00,0
79252,255,2021-07-26 22:00:00,0
67078,75,2021-07-26 22:00:00,0
62741,73,2021-07-26 22:00:00,0
79253,255,2021-07-26 23:00:00,0
67079,75,2021-07-26 23:00:00,0
62742,73,2021-07-26 23:00:00,0
67080,75,2021-07-27 00:00:00,0
79254,255,2021-07-27 00:00:00,0
62743,73,2021-07-27 00:00:00,0
67081,75,2021-07-27 01:00:00,0
62744,73,2021-07-27 01:00:00,0
79255,255,2021-07-27 01:00:00,0
62745,73,2021-07-27 02:00:00,0
79256,255,2021-07-27 02:00:00,0
67082,75,2021-07-27 02:00:00,0
67083,75,2021-07-27 03:00:00,0
62746,73,2021-07-27 03:00:00,0
79257,255,2021-07-27 03:00:00,0
62747,73,2021-07-27 04:00:00,0
79258,255,2021-07-27 04:00:00,0
67084,75,2021-07-27 04:00:00,0
62748,73,2021-07-27 05:00:00,0
79259,255,2021-07-27 05:00:00,0
67085,75,2021-07-27 05:00:00,0
67086,75,2021-07-27 06:00:00,0
79260,255,2021-07-27 06:00:00,0
62749,73,2021-07-27 06:00:00,0
79261,255,2021-07-27 07:00:00,0
67087,75,2021-07-27 07:00:00,0.008
62750,73,2021-07-27 07:00:00,0.009
67088,75,2021-07-27 08:00:00,0.079
79262,255,2021-07-27 08:00:00,0
62751,73,2021-07-27 08:00:00,0.03
79263,255,2021-07-27 09:00:00,0.025
62752,73,2021-07-27 09:00:00,0.159
67089,75,2021-07-27 09:00:00,0.187
79264,255,2021-07-27 10:00:00,0.027
62753,73,2021-07-27 10:00:00,0.343
67090,75,2021-07-27 10:00:00,0.154
79265,255,2021-07-27 11:00:00,0.095
67091,75,2021-07-27 11:00:00,0.338
62754,73,2021-07-27 11:00:00,0.378
79266,255,2021-07-27 12:00:00,0.105
67092,75,2021-07-27 12:00:00,0.56
62755,73,2021-07-27 12:00:00,0.139
67093,75,2021-07-27 13:00:00,0.506
79267,255,2021-07-27 13:00:00,0.172
62756,73,2021-07-27 13:00:00,0.549
67094,75,2021-07-27 14:00:00,0.857
62757,73,2021-07-27 14:00:00,0.333
79268,255,2021-07-27 14:00:00,0.156
79269,255,2021-07-27 15:00:00,0.203
67095,75,2021-07-27 15:00:00,0.342
62758,73,2021-07-27 15:00:00,0.631
62759,73,2021-07-27 16:00:00,0.338
79270,255,2021-07-27 16:00:00,0.06
67096,75,2021-07-27 16:00:00,0.125
67097,75,2021-07-27 17:00:00,0.018
79271,255,2021-07-27 17:00:00,0.046
62760,73,2021-07-27 17:00:00,0.136
67098,75,2021-07-27 18:00:00,0.004
79272,255,2021-07-27 18:00:00,0
62761,73,2021-07-27 18:00:00,0.036
67099,75,2021-07-27 19:00:00,0
62762,73,2021-07-27 19:00:00,0
79273,255,2021-07-27 19:00:00,0
67100,75,2021-07-27 20:00:00,0
79274,255,2021-07-27 20:00:00,0
62763,73,2021-07-27 20:00:00,0
79275,255,2021-07-27 21:00:00,0
62764,73,2021-07-27 21:00:00,0
67101,75,2021-07-27 21:00:00,0
79276,255,2021-07-27 22:00:00,0
62765,73,2021-07-27 22:00:00,0
67102,75,2021-07-27 22:00:00,0
79277,255,2021-07-27 23:00:00,0
62766,73,2021-07-27 23:00:00,0
67103,75,2021-07-27 23:00:00,0
62767,73,2021-07-28 00:00:00,0
67104,75,2021-07-28 00:00:00,0
79278,255,2021-07-28 00:00:00,0
62768,73,2021-07-28 01:00:00,0
67105,75,2021-07-28 01:00:00,0
79279,255,2021-07-28 01:00:00,0
67106,75,2021-07-28 02:00:00,0
62769,73,2021-07-28 02:00:00,0
79280,255,2021-07-28 02:00:00,0
62770,73,2021-07-28 03:00:00,0
79281,255,2021-07-28 03:00:00,0
67107,75,2021-07-28 03:00:00,0
79282,255,2021-07-28 04:00:00,0
62771,73,2021-07-28 04:00:00,0
67108,75,2021-07-28 04:00:00,0
62772,73,2021-07-28 05:00:00,0
67109,75,2021-07-28 05:00:00,0
79283,255,2021-07-28 05:00:00,0
67110,75,2021-07-28 06:00:00,0
79284,255,2021-07-28 06:00:00,0
62773,73,2021-07-28 06:00:00,0
67111,75,2021-07-28 07:00:00,0.017
62774,73,2021-07-28 07:00:00,0
79285,255,2021-07-28 07:00:00,0
79286,255,2021-07-28 08:00:00,0.004
67112,75,2021-07-28 08:00:00,0.083
62775,73,2021-07-28 08:00:00,0.017
67113,75,2021-07-28 09:00:00,0.064
62776,73,2021-07-28 09:00:00,0.073
79287,255,2021-07-28 09:00:00,0.064
62777,73,2021-07-28 10:00:00,0.143
79288,255,2021-07-28 10:00:00,0.199
67114,75,2021-07-28 10:00:00,0.269
79289,255,2021-07-28 11:00:00,0.403
67115,75,2021-07-28 11:00:00,0.467
62778,73,2021-07-28 11:00:00,0.313
79290,255,2021-07-28 12:00:00,0.609
67116,75,2021-07-28 12:00:00,0.631
62779,73,2021-07-28 12:00:00,0.704
67117,75,2021-07-28 13:00:00,0.663
62780,73,2021-07-28 13:00:00,0.58
79291,255,2021-07-28 13:00:00,0.643
67118,75,2021-07-28 14:00:00,0.511
79292,255,2021-07-28 14:00:00,0.107
62781,73,2021-07-28 14:00:00,0.291
67119,75,2021-07-28 15:00:00,0.26
79293,255,2021-07-28 15:00:00,0.404
62782,73,2021-07-28 15:00:00,0.504
79294,255,2021-07-28 16:00:00,0.41
67120,75,2021-07-28 16:00:00,0.126
62783,73,2021-07-28 16:00:00,0.439
79295,255,2021-07-28 17:00:00,0.196
67121,75,2021-07-28 17:00:00,0.043
62784,73,2021-07-28 17:00:00,0.141
62785,73,2021-07-28 18:00:00,0.014
79296,255,2021-07-28 18:00:00,0.046
67122,75,2021-07-28 18:00:00,0.005
62786,73,2021-07-28 19:00:00,0
79297,255,2021-07-28 19:00:00,0
67123,75,2021-07-28 19:00:00,0
79298,255,2021-07-28 20:00:00,0
62787,73,2021-07-28 20:00:00,0
67124,75,2021-07-28 20:00:00,0
62788,73,2021-07-28 21:00:00,0
67125,75,2021-07-28 21:00:00,0
79299,255,2021-07-28 21:00:00,0
62789,73,2021-07-28 22:00:00,0
79300,255,2021-07-28 22:00:00,0
67126,75,2021-07-28 22:00:00,0
67127,75,2021-07-28 23:00:00,0
79301,255,2021-07-28 23:00:00,0
62790,73,2021-07-28 23:00:00,0
67128,75,2021-07-29 00:00:00,0
62791,73,2021-07-29 00:00:00,0
79302,255,2021-07-29 00:00:00,0
79303,255,2021-07-29 01:00:00,0
67129,75,2021-07-29 01:00:00,0
62792,73,2021-07-29 01:00:00,0
62793,73,2021-07-29 02:00:00,0
67130,75,2021-07-29 02:00:00,0
79304,255,2021-07-29 02:00:00,0
79305,255,2021-07-29 03:00:00,0
67131,75,2021-07-29 03:00:00,0
62794,73,2021-07-29 03:00:00,0
67132,75,2021-07-29 04:00:00,0
79306,255,2021-07-29 04:00:00,0
62795,73,2021-07-29 04:00:00,0
67133,75,2021-07-29 05:00:00,0
62796,73,2021-07-29 05:00:00,0
79307,255,2021-07-29 05:00:00,0
67134,75,2021-07-29 06:00:00,0
79308,255,2021-07-29 06:00:00,0
62797,73,2021-07-29 06:00:00,0
67135,75,2021-07-29 07:00:00,0.008
62798,73,2021-07-29 07:00:00,0.002
79309,255,2021-07-29 07:00:00,0
67136,75,2021-07-29 08:00:00,0.061
62799,73,2021-07-29 08:00:00,0.038
79310,255,2021-07-29 08:00:00,0
62800,73,2021-07-29 09:00:00,0.084
79311,255,2021-07-29 09:00:00,0.026
67137,75,2021-07-29 09:00:00,0.271
62801,73,2021-07-29 10:00:00,0.04
79312,255,2021-07-29 10:00:00,0.259
67138,75,2021-07-29 10:00:00,0.399
79313,255,2021-07-29 11:00:00,0.522
67139,75,2021-07-29 11:00:00,0.57
62802,73,2021-07-29 11:00:00,0.461
62803,73,2021-07-29 12:00:00,0.363
67140,75,2021-07-29 12:00:00,0.658
79314,255,2021-07-29 12:00:00,0.659
62804,73,2021-07-29 13:00:00,0.611
67141,75,2021-07-29 13:00:00,0.608
79315,255,2021-07-29 13:00:00,0.393
79316,255,2021-07-29 14:00:00,0.178
62805,73,2021-07-29 14:00:00,0.543
67142,75,2021-07-29 14:00:00,0.443
67143,75,2021-07-29 15:00:00,0.032
79317,255,2021-07-29 15:00:00,0
62806,73,2021-07-29 15:00:00,0.365
62807,73,2021-07-29 16:00:00,0.159
79318,255,2021-07-29 16:00:00,0.006
67144,75,2021-07-29 16:00:00,0.068
62808,73,2021-07-29 17:00:00,0.345
67145,75,2021-07-29 17:00:00,0.076
79319,255,2021-07-29 17:00:00,0.01
79320,255,2021-07-29 18:00:00,0
67146,75,2021-07-29 18:00:00,0.018
62809,73,2021-07-29 18:00:00,0.005
67147,75,2021-07-29 19:00:00,0
62810,73,2021-07-29 19:00:00,0
79321,255,2021-07-29 19:00:00,0
62811,73,2021-07-29 20:00:00,0
67148,75,2021-07-29 20:00:00,0
79322,255,2021-07-29 20:00:00,0
79323,255,2021-07-29 21:00:00,0
67149,75,2021-07-29 21:00:00,0
62812,73,2021-07-29 21:00:00,0
67150,75,2021-07-29 22:00:00,0
79324,255,2021-07-29 22:00:00,0
62813,73,2021-07-29 22:00:00,0
79325,255,2021-07-29 23:00:00,0
62814,73,2021-07-29 23:00:00,0
67151,75,2021-07-29 23:00:00,0
79326,255,2021-07-30 00:00:00,0
62815,73,2021-07-30 00:00:00,0
67152,75,2021-07-30 00:00:00,0
62816,73,2021-07-30 01:00:00,0
67153,75,2021-07-30 01:00:00,0
79327,255,2021-07-30 01:00:00,0
67154,75,2021-07-30 02:00:00,0
79328,255,2021-07-30 02:00:00,0
62817,73,2021-07-30 02:00:00,0
62818,73,2021-07-30 03:00:00,0
67155,75,2021-07-30 03:00:00,0
79329,255,2021-07-30 03:00:00,0
79330,255,2021-07-30 04:00:00,0
62819,73,2021-07-30 04:00:00,0
67156,75,2021-07-30 04:00:00,0
79331,255,2021-07-30 05:00:00,0
62820,73,2021-07-30 05:00:00,0
67157,75,2021-07-30 05:00:00,0
79332,255,2021-07-30 06:00:00,0
62821,73,2021-07-30 06:00:00,0
67158,75,2021-07-30 06:00:00,0
67159,75,2021-07-30 07:00:00,0.014
62822,73,2021-07-30 07:00:00,0.005
79333,255,2021-07-30 07:00:00,0
67160,75,2021-07-30 08:00:00,0.042
79334,255,2021-07-30 08:00:00,0.008
62823,73,2021-07-30 08:00:00,0.037
62824,73,2021-07-30 09:00:00,0.162
67161,75,2021-07-30 09:00:00,0.176
79335,255,2021-07-30 09:00:00,0.056
62825,73,2021-07-30 10:00:00,0.231
79336,255,2021-07-30 10:00:00,0.273
67162,75,2021-07-30 10:00:00,0.413
67163,75,2021-07-30 11:00:00,0.612
79337,255,2021-07-30 11:00:00,0.52
62826,73,2021-07-30 11:00:00,0.433
79338,255,2021-07-30 12:00:00,0.654
62827,73,2021-07-30 12:00:00,0.313
67164,75,2021-07-30 12:00:00,0.62
67165,75,2021-07-30 13:00:00,0.865
62828,73,2021-07-30 13:00:00,0.652
79339,255,2021-07-30 13:00:00,0.67
79340,255,2021-07-30 14:00:00,0.673
67166,75,2021-07-30 14:00:00,0.543
62829,73,2021-07-30 14:00:00,0.498
79341,255,2021-07-30 15:00:00,0.595
67167,75,2021-07-30 15:00:00,0.497
62830,73,2021-07-30 15:00:00,0.402
62831,73,2021-07-30 16:00:00,0.265
67168,75,2021-07-30 16:00:00,0.172
79342,255,2021-07-30 16:00:00,0.263
79343,255,2021-07-30 17:00:00,0.243
67169,75,2021-07-30 17:00:00,0.027
62832,73,2021-07-30 17:00:00,0.195
79344,255,2021-07-30 18:00:00,0.032
67170,75,2021-07-30 18:00:00,0.012
62833,73,2021-07-30 18:00:00,0.046
79345,255,2021-07-30 19:00:00,0
67171,75,2021-07-30 19:00:00,0
62834,73,2021-07-30 19:00:00,0
67172,75,2021-07-30 20:00:00,0
62835,73,2021-07-30 20:00:00,0
79346,255,2021-07-30 20:00:00,0
62836,73,2021-07-30 21:00:00,0
79347,255,2021-07-30 21:00:00,0
67173,75,2021-07-30 21:00:00,0
67174,75,2021-07-30 22:00:00,0
62837,73,2021-07-30 22:00:00,0
79348,255,2021-07-30 22:00:00,0
79349,255,2021-07-30 23:00:00,0
67175,75,2021-07-30 23:00:00,0
62838,73,2021-07-30 23:00:00,0
62839,73,2021-07-31 00:00:00,0
67176,75,2021-07-31 00:00:00,0
79350,255,2021-07-31 00:00:00,0
67177,75,2021-07-31 01:00:00,0
62840,73,2021-07-31 01:00:00,0
79351,255,2021-07-31 01:00:00,0
67178,75,2021-07-31 02:00:00,0
79352,255,2021-07-31 02:00:00,0
62841,73,2021-07-31 02:00:00,0
79353,255,2021-07-31 03:00:00,0
67179,75,2021-07-31 03:00:00,0
62842,73,2021-07-31 03:00:00,0
62843,73,2021-07-31 04:00:00,0
67180,75,2021-07-31 04:00:00,0
79354,255,2021-07-31 04:00:00,0
79355,255,2021-07-31 05:00:00,0
67181,75,2021-07-31 05:00:00,0
62844,73,2021-07-31 05:00:00,0
67182,75,2021-07-31 06:00:00,0
62845,73,2021-07-31 06:00:00,0
79356,255,2021-07-31 06:00:00,0
67183,75,2021-07-31 07:00:00,0.003
79357,255,2021-07-31 07:00:00,0.001
62846,73,2021-07-31 07:00:00,0.008
62847,73,2021-07-31 08:00:00,0.026
67184,75,2021-07-31 08:00:00,0.112
79358,255,2021-07-31 08:00:00,0.001
67185,75,2021-07-31 09:00:00,0.378
62848,73,2021-07-31 09:00:00,0.197
79359,255,2021-07-31 09:00:00,0.063
67186,75,2021-07-31 10:00:00,0.468
79360,255,2021-07-31 10:00:00,0.11
62849,73,2021-07-31 10:00:00,0.347
62850,73,2021-07-31 11:00:00,0.489
79361,255,2021-07-31 11:00:00,0.501
67187,75,2021-07-31 11:00:00,0.59
62851,73,2021-07-31 12:00:00,0.342
79362,255,2021-07-31 12:00:00,0.602
67188,75,2021-07-31 12:00:00,0.344
67189,75,2021-07-31 13:00:00,0.196
62852,73,2021-07-31 13:00:00,0.446
79363,255,2021-07-31 13:00:00,0.398
79364,255,2021-07-31 14:00:00,0.516
67190,75,2021-07-31 14:00:00,0.333
62853,73,2021-07-31 14:00:00,0.75
62854,73,2021-07-31 15:00:00,0.625
79365,255,2021-07-31 15:00:00,0.405
67191,75,2021-07-31 15:00:00,0.329
62855,73,2021-07-31 16:00:00,0.447
79366,255,2021-07-31 16:00:00,0.367
67192,75,2021-07-31 16:00:00,0.05
62856,73,2021-07-31 17:00:00,0.282
79367,255,2021-07-31 17:00:00,0.218
67193,75,2021-07-31 17:00:00,0
67194,75,2021-07-31 18:00:00,0.001
62857,73,2021-07-31 18:00:00,0.065
79368,255,2021-07-31 18:00:00,0.023
67195,75,2021-07-31 19:00:00,0
79369,255,2021-07-31 19:00:00,0
62858,73,2021-07-31 19:00:00,0
62859,73,2021-07-31 20:00:00,0
79370,255,2021-07-31 20:00:00,0
67196,75,2021-07-31 20:00:00,0
62860,73,2021-07-31 21:00:00,0
67197,75,2021-07-31 21:00:00,0
79371,255,2021-07-31 21:00:00,0
79372,255,2021-07-31 22:00:00,0
62861,73,2021-07-31 22:00:00,0
67198,75,2021-07-31 22:00:00,0
67199,75,2021-07-31 23:00:00,0
79373,255,2021-07-31 23:00:00,0
62862,73,2021-07-31 23:00:00,0
