number,house_id,datetime,energy_export
1,44,2021-07-01 00:00:00,0.06113180395876878
2,44,2021-07-01 01:00:00,0.08037480406338988
3,44,2021-07-01 02:00:00,0.1085619119747581
4,44,2021-07-01 03:00:00,0.07546903041706907
5,44,2021-07-01 04:00:00,0.05528211261395399
6,44,2021-07-01 05:00:00,0.051230375697502634
7,44,2021-07-01 06:00:00,0.041541424106672366
8,44,2021-07-01 07:00:00,0.049812020582315215
9,44,2021-07-01 08:00:00,0.06929207056237995
10,44,2021-07-01 09:00:00,0.06397023845454337
11,44,2021-07-01 10:00:00,0.07737810248487105
12,44,2021-07-01 11:00:00,0.06293595775974768
13,44,2021-07-01 12:00:00,0.05987927762100588
14,44,2021-07-01 13:00:00,0.05157683933941868
15,44,2021-07-01 14:00:00,0.046984388196723084
16,44,2021-07-01 15:00:00,0.03836984276045255
17,44,2021-07-01 16:00:00,0.03518801230106066
18,44,2021-07-01 17:00:00,0.03819094823446792
19,44,2021-07-01 18:00:00,0.04492791098078671
20,44,2021-07-01 19:00:00,0.0424360423672513
21,44,2021-07-01 20:00:00,0.22748617841914634
22,44,2021-07-01 21:00:00,0.06338070211442338
23,44,2021-07-01 22:00:00,0.06460757844834256
24,44,2021-07-01 23:00:00,0.06957844400718316
25,44,2021-07-02 00:00:00,0.09786930600486778
26,44,2021-07-02 01:00:00,0.06661528532693715
27,44,2021-07-02 02:00:00,0.04674468549364258
28,44,2021-07-02 03:00:00,0.04559682918745001
29,44,2021-07-02 04:00:00,0.046617141479281525
30,44,2021-07-02 05:00:00,0.04383574886027088
31,44,2021-07-02 06:00:00,0.04390857242117988
32,44,2021-07-02 07:00:00,0.03500428549196671
33,44,2021-07-02 08:00:00,0.03611459080467643
34,44,2021-07-02 09:00:00,0.0361728414338757
35,44,2021-07-02 10:00:00,0.05694700554076124
36,44,2021-07-02 11:00:00,0.06263500643434222
37,44,2021-07-02 12:00:00,0.0757661494940741
38,44,2021-07-02 13:00:00,0.04385438705948186
39,44,2021-07-02 14:00:00,0.07215753951490435
40,44,2021-07-02 15:00:00,0.04529846091358404
41,44,2021-07-02 16:00:00,0.03380255162554509
42,44,2021-07-02 17:00:00,0.09106047591476014
43,44,2021-07-02 18:00:00,0.07723878846714266
44,44,2021-07-02 19:00:00,0.13493984711779677
45,44,2021-07-02 20:00:00,0.09791443482102301
46,44,2021-07-02 21:00:00,0.05822250362313594
47,44,2021-07-02 22:00:00,0.07665658055414412
48,44,2021-07-02 23:00:00,0.056413926555478895
49,44,2021-07-03 00:00:00,0.04969436230282886
50,44,2021-07-03 01:00:00,0.045062574363504575
51,44,2021-07-03 02:00:00,0.08377852139542737
52,44,2021-07-03 03:00:00,0.069
53,44,2021-07-03 04:00:00,0.029231703411190326
54,44,2021-07-03 05:00:00,0.0244760869197359
55,44,2021-07-03 06:00:00,0.035048752357323805
56,44,2021-07-03 07:00:00,0.04133464154653048
57,44,2021-07-03 08:00:00,0.034039774092184505
58,44,2021-07-03 09:00:00,0.0254680999504699
59,44,2021-07-03 10:00:00,0.03280725327177003
60,44,2021-07-03 11:00:00,0.041447445336488815
61,44,2021-07-03 12:00:00,0.03379133513685394
62,44,2021-07-03 13:00:00,0.030267881067135783
63,44,2021-07-03 14:00:00,0.0349479463928175
64,44,2021-07-03 15:00:00,0.03592260601492635
65,44,2021-07-03 16:00:00,0.03102778684657807
66,44,2021-07-03 17:00:00,0.036090041287271855
67,44,2021-07-03 18:00:00,0.03465118151368064
68,44,2021-07-03 19:00:00,0.02527014392976153
69,44,2021-07-03 20:00:00,0.026297219476897137
70,44,2021-07-03 21:00:00,0.0351732046504027
71,44,2021-07-03 22:00:00,0.036517467254994544
72,44,2021-07-03 23:00:00,0.03719745443727521
73,44,2021-07-04 00:00:00,0.052358280233333915
74,44,2021-07-04 01:00:00,0.04503616459431709
75,44,2021-07-04 02:00:00,0.037048626163147545
76,44,2021-07-04 03:00:00,0.0438969429565832
77,44,2021-07-04 04:00:00,0.030767902702671865
78,44,2021-07-04 05:00:00,0.03808351934386542
79,44,2021-07-04 06:00:00,0.04175401659649321
80,44,2021-07-04 07:00:00,0.046763448968413994
81,44,2021-07-04 08:00:00,0.06304698259586365
82,44,2021-07-04 09:00:00,0.035975162662567985
83,44,2021-07-04 10:00:00,0.02425061121689335
84,44,2021-07-04 11:00:00,0.087601292975524
85,44,2021-07-04 12:00:00,0.0556637001755432
86,44,2021-07-04 13:00:00,0.04505741403131298
87,44,2021-07-04 14:00:00,0.0332872375206178
88,44,2021-07-04 15:00:00,0.04605497319139429
89,44,2021-07-04 16:00:00,0.04250463295111909
90,44,2021-07-04 17:00:00,0.03467857257517999
91,44,2021-07-04 18:00:00,0.03655654657046688
92,44,2021-07-04 19:00:00,0.03367931723148861
93,44,2021-07-04 20:00:00,0.11762980733108043
94,44,2021-07-04 21:00:00,0.06656247289080416
95,44,2021-07-04 22:00:00,0.057000694806337744
96,44,2021-07-04 23:00:00,0.06609336913378924
97,44,2021-07-05 00:00:00,0.08776179168762674
98,44,2021-07-05 01:00:00,0.055901341028841776
99,44,2021-07-05 02:00:00,0.062664262559027
100,44,2021-07-05 03:00:00,0.0737851765576267
101,44,2021-07-05 04:00:00,0.06422887294752487
102,44,2021-07-05 05:00:00,0.057557504015863466
103,44,2021-07-05 06:00:00,0.04551826014949988
104,44,2021-07-05 07:00:00,0.03407406149480266
105,44,2021-07-05 08:00:00,0.06289550932360695
106,44,2021-07-05 09:00:00,0.06924499785729019
107,44,2021-07-05 10:00:00,0.05637894032335566
108,44,2021-07-05 11:00:00,0.0691419147411266
109,44,2021-07-05 12:00:00,0.05749498722994426
110,44,2021-07-05 13:00:00,0.38136649070559914
111,44,2021-07-05 14:00:00,0.10998677558137716
112,44,2021-07-05 15:00:00,0.08718552547886828
113,44,2021-07-05 16:00:00,0.06251726491690532
114,44,2021-07-05 17:00:00,0.07217992721286787
115,44,2021-07-05 18:00:00,0.05048359230339003
116,44,2021-07-05 19:00:00,0.047606698498267166
117,44,2021-07-05 20:00:00,0.06893515017139865
118,44,2021-07-05 21:00:00,0.11849761379140633
119,44,2021-07-05 22:00:00,0.105885965545577
120,44,2021-07-05 23:00:00,0.08295852933136492
121,44,2021-07-06 00:00:00,0.037870640604421066
122,44,2021-07-06 01:00:00,0.04302300473899184
123,44,2021-07-06 02:00:00,0.05143839424345964
124,44,2021-07-06 03:00:00,0.05015697625128669
125,44,2021-07-06 04:00:00,0.03873205771009145
126,44,2021-07-06 05:00:00,0.04797860285685441
127,44,2021-07-06 06:00:00,0.04584693162823249
128,44,2021-07-06 07:00:00,0.0510470769645446
129,44,2021-07-06 08:00:00,0.07620973718192817
130,44,2021-07-06 09:00:00,0.058637200713929374
131,44,2021-07-06 10:00:00,0.0706097023637157
132,44,2021-07-06 11:00:00,0.06401705365358873
133,44,2021-07-06 12:00:00,0.06070489664207844
134,44,2021-07-06 13:00:00,0.04382360495370306
135,44,2021-07-06 14:00:00,0.049509552621485806
136,44,2021-07-06 15:00:00,0.10351479454016058
137,44,2021-07-06 16:00:00,0.09497140261650298
138,44,2021-07-06 17:00:00,0.08069277621143044
139,44,2021-07-06 18:00:00,0.07853706707514656
140,44,2021-07-06 19:00:00,0.05627820042237054
141,44,2021-07-06 20:00:00,0.07793478210234055
142,44,2021-07-06 21:00:00,0.06579451874339409
143,44,2021-07-06 22:00:00,0.06060485638896089
144,44,2021-07-06 23:00:00,0.05199000916772762
145,44,2021-07-07 00:00:00,0.06257491269896713
146,44,2021-07-07 01:00:00,0.06975491460682974
147,44,2021-07-07 02:00:00,0.05945139259269843
148,44,2021-07-07 03:00:00,0.0647993737127812
149,44,2021-07-07 04:00:00,0.06300054853491045
150,44,2021-07-07 05:00:00,0.05765253337748611
151,44,2021-07-07 06:00:00,0.056377333508669185
152,44,2021-07-07 07:00:00,0.05305833687591639
153,44,2021-07-07 08:00:00,0.06241957447853237
154,44,2021-07-07 09:00:00,0.052518930044137796
155,44,2021-07-07 10:00:00,0.03707845441096916
156,44,2021-07-07 11:00:00,0.09525410181889211
157,44,2021-07-07 12:00:00,0.06751095725281331
158,44,2021-07-07 13:00:00,0.04870794574084348
159,44,2021-07-07 14:00:00,0.06284728022255125
160,44,2021-07-07 15:00:00,0.07248990604310598
161,44,2021-07-07 16:00:00,0.07017700076942691
162,44,2021-07-07 17:00:00,0.06111076641904452
163,44,2021-07-07 18:00:00,0.0655657712246579
164,44,2021-07-07 19:00:00,0.07425382556419059
165,44,2021-07-07 20:00:00,0.13302598446020297
166,44,2021-07-07 21:00:00,0.08067077601723621
167,44,2021-07-07 22:00:00,0.08145208389968626
168,44,2021-07-07 23:00:00,0.08513747832288766
169,44,2021-07-08 00:00:00,0.08782590573373358
170,44,2021-07-08 01:00:00,0.05065979599860034
171,44,2021-07-08 02:00:00,0.04220247430123247
172,44,2021-07-08 03:00:00,0.03757332318472724
173,44,2021-07-08 04:00:00,0.05126906938714177
174,44,2021-07-08 05:00:00,0.05836698364086755
175,44,2021-07-08 06:00:00,0.041642941816431155
176,44,2021-07-08 07:00:00,0.04020536173251323
177,44,2021-07-08 08:00:00,0.07622943546373946
178,44,2021-07-08 09:00:00,0.09521755281736587
179,44,2021-07-08 10:00:00,0.09459312711132704
180,44,2021-07-08 11:00:00,0.08058703033064378
181,44,2021-07-08 12:00:00,0.08271210952548261
182,44,2021-07-08 13:00:00,0.12205524946090174
183,44,2021-07-08 14:00:00,0.093195084978243
184,44,2021-07-08 15:00:00,0.06658403971110423
185,44,2021-07-08 16:00:00,0.0636936299671085
186,44,2021-07-08 17:00:00,0.06951047745201017
187,44,2021-07-08 18:00:00,0.04486423974696052
188,44,2021-07-08 19:00:00,0.0958393266685248
189,44,2021-07-08 20:00:00,0.11428155587045212
190,44,2021-07-08 21:00:00,0.10311741550615613
191,44,2021-07-08 22:00:00,0.0769340193410887
192,44,2021-07-08 23:00:00,0.06899890583862982
193,44,2021-07-09 00:00:00,0.043535062780881484
194,44,2021-07-09 01:00:00,0.05222279962052957
195,44,2021-07-09 02:00:00,0.06057549232163741
196,44,2021-07-09 03:00:00,0.09195685864831145
197,44,2021-07-09 04:00:00,0.06680054374654824
198,44,2021-07-09 05:00:00,0.05481342479877541
199,44,2021-07-09 06:00:00,0.051194802102684824
200,44,2021-07-09 07:00:00,0.04783272073936481
201,44,2021-07-09 08:00:00,0.04074257196707857
202,44,2021-07-09 09:00:00,0.045063395356637836
203,44,2021-07-09 10:00:00,0.05916284234424731
204,44,2021-07-09 11:00:00,0.06815995582820596
205,44,2021-07-09 12:00:00,0.06426872121729924
206,44,2021-07-09 13:00:00,0.03444551179513204
207,44,2021-07-09 14:00:00,0.036287395082912295
208,44,2021-07-09 15:00:00,0.03862962634707805
209,44,2021-07-09 16:00:00,0.042948274787262826
210,44,2021-07-09 17:00:00,0.03666979510087821
211,44,2021-07-09 18:00:00,0.0703792361766783
212,44,2021-07-09 19:00:00,0.038805740441844316
213,44,2021-07-09 20:00:00,0.07248669783872469
214,44,2021-07-09 21:00:00,0.120714007790258
215,44,2021-07-09 22:00:00,0.10248808492690914
216,44,2021-07-09 23:00:00,0.06869012097941887
217,44,2021-07-10 00:00:00,0.04712319912317778
218,44,2021-07-10 01:00:00,0.037111011857684215
219,44,2021-07-10 02:00:00,0.03728865608950804
220,44,2021-07-10 03:00:00,0.040010281395730936
221,44,2021-07-10 04:00:00,0.0382981763485948
222,44,2021-07-10 05:00:00,0.03800989534252937
223,44,2021-07-10 06:00:00,0.04602171202167474
224,44,2021-07-10 07:00:00,0.052761983534652425
225,44,2021-07-10 08:00:00,0.038897526373728133
226,44,2021-07-10 09:00:00,0.04878371488832746
227,44,2021-07-10 10:00:00,0.06859718370996393
228,44,2021-07-10 11:00:00,0.06050796313279625
229,44,2021-07-10 12:00:00,0.05050339161394734
230,44,2021-07-10 13:00:00,0.06300470200960531
231,44,2021-07-10 14:00:00,0.06343875403831709
232,44,2021-07-10 15:00:00,0.07449225935494051
233,44,2021-07-10 16:00:00,0.05994971359723993
234,44,2021-07-10 17:00:00,0.060880502721775843
235,44,2021-07-10 18:00:00,0.05981725888989015
236,44,2021-07-10 19:00:00,0.148
237,44,2021-07-10 20:00:00,0.10606202745495114
238,44,2021-07-10 21:00:00,0.11611856631382114
239,44,2021-07-10 22:00:00,0.08677266460315317
240,44,2021-07-10 23:00:00,0.06380180013387401
241,44,2021-07-11 00:00:00,0.08316394359129009
242,44,2021-07-11 01:00:00,0.043273710903603484
243,44,2021-07-11 02:00:00,0.03886600717808899
244,44,2021-07-11 03:00:00,0.04284485030350108
245,44,2021-07-11 04:00:00,0.05699201532188957
246,44,2021-07-11 05:00:00,0.03759132275615983
247,44,2021-07-11 06:00:00,0.041567606773370715
248,44,2021-07-11 07:00:00,0.036321032540940525
249,44,2021-07-11 08:00:00,0.08196303912721115
250,44,2021-07-11 09:00:00,0.06551945749632024
251,44,2021-07-11 10:00:00,0.07066855103495362
252,44,2021-07-11 11:00:00,0.06431231481367004
253,44,2021-07-11 12:00:00,0.08794268192708712
254,44,2021-07-11 13:00:00,0.07505492848535503
255,44,2021-07-11 14:00:00,0.07490374654209274
256,44,2021-07-11 15:00:00,0.08259425780642879
257,44,2021-07-11 16:00:00,0.0812919789189781
258,44,2021-07-11 17:00:00,0.0696864898014323
259,44,2021-07-11 18:00:00,0.13113360590936948
260,44,2021-07-11 19:00:00,0.0898029295713041
261,44,2021-07-11 20:00:00,0.0758339646532266
262,44,2021-07-11 21:00:00,0.0713887888009111
263,44,2021-07-11 22:00:00,0.05887788933495205
264,44,2021-07-11 23:00:00,0.06582980176387876
265,44,2021-07-12 00:00:00,0.03936027803672913
266,44,2021-07-12 01:00:00,0.040774332114599784
267,44,2021-07-12 02:00:00,0.0961440714821043
268,44,2021-07-12 03:00:00,0.07126262771073581
269,44,2021-07-12 04:00:00,0.04602513048504493
270,44,2021-07-12 05:00:00,0.0773047582458667
271,44,2021-07-12 06:00:00,0.04612834089825658
272,44,2021-07-12 07:00:00,0.07133062067357154
273,44,2021-07-12 08:00:00,0.06910515291270236
274,44,2021-07-12 09:00:00,0.07076652545629145
275,44,2021-07-12 10:00:00,0.07188058582198592
276,44,2021-07-12 11:00:00,0.07805501776652261
277,44,2021-07-12 12:00:00,0.059177476945816945
278,44,2021-07-12 13:00:00,0.08453550270618972
279,44,2021-07-12 14:00:00,0.07895896324741211
280,44,2021-07-12 15:00:00,0.08417380036040117
281,44,2021-07-12 16:00:00,0.06616592423057167
282,44,2021-07-12 17:00:00,0.07434184025395699
283,44,2021-07-12 18:00:00,0.03836927946066784
284,44,2021-07-12 19:00:00,0.060217023918839756
285,44,2021-07-12 20:00:00,0.06278317287880185
286,44,2021-07-12 21:00:00,0.07328582037633238
287,44,2021-07-12 22:00:00,0.08365110070575463
288,44,2021-07-12 23:00:00,0.06742640970076193
289,44,2021-07-13 00:00:00,0.05313586242399365
290,44,2021-07-13 01:00:00,0.04703938423130433
291,44,2021-07-13 02:00:00,0.04813030294874397
292,44,2021-07-13 03:00:00,0.06680683690127001
293,44,2021-07-13 04:00:00,0.056497304547501626
294,44,2021-07-13 05:00:00,0.04599980637103623
295,44,2021-07-13 06:00:00,0.04389369931940508
296,44,2021-07-13 07:00:00,0.040679354115806705
297,44,2021-07-13 08:00:00,0.06112617355753079
298,44,2021-07-13 09:00:00,0.0710517569008187
299,44,2021-07-13 10:00:00,0.08549760721581197
300,44,2021-07-13 11:00:00,0.09320684681310085
301,44,2021-07-13 12:00:00,0.08298679967457767
302,44,2021-07-13 13:00:00,0.07753962390194528
303,44,2021-07-13 14:00:00,0.06378189553324383
304,44,2021-07-13 15:00:00,0.07125253134892266
305,44,2021-07-13 16:00:00,0.08398881180772776
306,44,2021-07-13 17:00:00,0.036182973965995395
307,44,2021-07-13 18:00:00,0.03601054530154905
308,44,2021-07-13 19:00:00,0.04793252767561713
309,44,2021-07-13 20:00:00,0.07224820064003727
310,44,2021-07-13 21:00:00,0.06514789263562419
311,44,2021-07-13 22:00:00,0.07955491579706027
312,44,2021-07-13 23:00:00,0.13232064853602302
313,44,2021-07-14 00:00:00,0.04612454377217168
314,44,2021-07-14 01:00:00,0.043552131428508375
315,44,2021-07-14 02:00:00,0.04128647542441726
316,44,2021-07-14 03:00:00,0.044063241562462906
317,44,2021-07-14 04:00:00,0.05544568167427437
318,44,2021-07-14 05:00:00,0.054627349004447656
319,44,2021-07-14 06:00:00,0.0406454729058726
320,44,2021-07-14 07:00:00,0.04495235878604694
321,44,2021-07-14 08:00:00,0.05692626691217646
322,44,2021-07-14 09:00:00,0.06665084635056727
323,44,2021-07-14 10:00:00,0.06009712866185074
324,44,2021-07-14 11:00:00,0.0648115456947063
325,44,2021-07-14 12:00:00,0.074744190612335
326,44,2021-07-14 13:00:00,0.3807146915191771
327,44,2021-07-14 14:00:00,0.16799399483700578
328,44,2021-07-14 15:00:00,0.09221704707329302
329,44,2021-07-14 16:00:00,0.07105563588172925
330,44,2021-07-14 17:00:00,0.06251202485067636
331,44,2021-07-14 18:00:00,0.06575524989385093
332,44,2021-07-14 19:00:00,0.1256529972494099
333,44,2021-07-14 20:00:00,0.06438829220284885
334,44,2021-07-14 21:00:00,0.13085477191726227
335,44,2021-07-14 22:00:00,0.09856181282327489
336,44,2021-07-14 23:00:00,0.08037171927344139
337,44,2021-07-15 00:00:00,0.06286558876031115
338,44,2021-07-15 01:00:00,0.06374501626427811
339,44,2021-07-15 02:00:00,0.06636596096143398
340,44,2021-07-15 03:00:00,0.05613799981464127
341,44,2021-07-15 04:00:00,0.06240936914208459
342,44,2021-07-15 05:00:00,0.05152792429131236
343,44,2021-07-15 06:00:00,0.05190188585714188
344,44,2021-07-15 07:00:00,0.05416720092647984
345,44,2021-07-15 08:00:00,0.06284169369922742
346,44,2021-07-15 09:00:00,0.05927107900599596
347,44,2021-07-15 10:00:00,0.11209939433911519
348,44,2021-07-15 11:00:00,0.1626761856942453
349,44,2021-07-15 12:00:00,0.09768483154538939
350,44,2021-07-15 13:00:00,0.06475571797486455
351,44,2021-07-15 14:00:00,0.06189444875995849
352,44,2021-07-15 15:00:00,0.07633403822988463
353,44,2021-07-15 16:00:00,0.08665045187576001
354,44,2021-07-15 17:00:00,0.0987923161988527
355,44,2021-07-15 18:00:00,0.09942242116244121
356,44,2021-07-15 19:00:00,0.09990480647516645
357,44,2021-07-15 20:00:00,0.09519379256948472
358,44,2021-07-15 21:00:00,0.08042123992090167
359,44,2021-07-15 22:00:00,0.06867030916626683
360,44,2021-07-15 23:00:00,0.07141933936604553
361,44,2021-07-16 00:00:00,0.08940376876039263
362,44,2021-07-16 01:00:00,0.06640924115082943
363,44,2021-07-16 02:00:00,0.06347049334364402
364,44,2021-07-16 03:00:00,0.07304068050973672
365,44,2021-07-16 04:00:00,0.04043590672008741
366,44,2021-07-16 05:00:00,0.04137795914007693
367,44,2021-07-16 06:00:00,0.04764376705139076
368,44,2021-07-16 07:00:00,0.040729861165344
369,44,2021-07-16 08:00:00,0.04443838161621575
370,44,2021-07-16 09:00:00,0.06199128604248782
371,44,2021-07-16 10:00:00,0.058035414139525926
372,44,2021-07-16 11:00:00,0.06822889462513204
373,44,2021-07-16 12:00:00,0.0749701839601645
374,44,2021-07-16 13:00:00,0.11626063892972523
375,44,2021-07-16 14:00:00,0.08139122670167534
376,44,2021-07-16 15:00:00,0.07151540669052381
377,44,2021-07-16 16:00:00,0.07273004373971599
378,44,2021-07-16 17:00:00,0.06230822539227932
379,44,2021-07-16 18:00:00,0.0716159327870833
380,44,2021-07-16 19:00:00,0.08374939929398414
381,44,2021-07-16 20:00:00,0.0708285417117928
382,44,2021-07-16 21:00:00,0.06724576516754324
383,44,2021-07-16 22:00:00,0.10729048363447412
384,44,2021-07-16 23:00:00,0.06964027630457681
385,44,2021-07-17 00:00:00,0.044445854797836054
386,44,2021-07-17 01:00:00,0.04538982946117594
387,44,2021-07-17 02:00:00,0.042533825597025135
388,44,2021-07-17 03:00:00,0.04213650764846224
389,44,2021-07-17 04:00:00,0.04158688873687997
390,44,2021-07-17 05:00:00,0.04386646926134501
391,44,2021-07-17 06:00:00,0.052105143725755275
392,44,2021-07-17 07:00:00,0.052335271802355025
393,44,2021-07-17 08:00:00,0.047192886178867195
394,44,2021-07-17 09:00:00,0.0647890747496755
395,44,2021-07-17 10:00:00,0.06962727169311136
396,44,2021-07-17 11:00:00,0.08518489154615959
397,44,2021-07-17 12:00:00,0.0890128106121654
398,44,2021-07-17 13:00:00,0.0804741878494035
399,44,2021-07-17 14:00:00,0.364
400,44,2021-07-17 15:00:00,0.183
401,44,2021-07-17 16:00:00,0.08621464230427209
402,44,2021-07-17 17:00:00,0.08719323240872123
403,44,2021-07-17 18:00:00,0.07718492227717222
404,44,2021-07-17 19:00:00,0.08429946265094278
405,44,2021-07-17 20:00:00,0.08010004401064182
406,44,2021-07-17 21:00:00,0.08545492418362738
407,44,2021-07-17 22:00:00,0.08604398391948205
408,44,2021-07-17 23:00:00,0.08114908016833743
409,44,2021-07-18 00:00:00,0.06612172380470144
410,44,2021-07-18 01:00:00,0.042614459798024244
411,44,2021-07-18 02:00:00,0.041783898838850496
412,44,2021-07-18 03:00:00,0.03849497259497812
413,44,2021-07-18 04:00:00,0.04280932822810094
414,44,2021-07-18 05:00:00,0.046378300725688056
415,44,2021-07-18 06:00:00,0.05102547889981751
416,44,2021-07-18 07:00:00,0.04764122336588707
417,44,2021-07-18 08:00:00,0.05408511832083909
418,44,2021-07-18 09:00:00,0.07972014948494371
419,44,2021-07-18 10:00:00,0.05918662375485467
420,44,2021-07-18 11:00:00,0.1414928864056142
421,44,2021-07-18 12:00:00,0.07334899855785595
422,44,2021-07-18 13:00:00,0.059438098421165306
423,44,2021-07-18 14:00:00,0.06911774977170235
424,44,2021-07-18 15:00:00,0.07368800805035089
425,44,2021-07-18 16:00:00,0.08355171662523558
426,44,2021-07-18 17:00:00,0.07104484542775324
427,44,2021-07-18 18:00:00,0.07060311652681832
428,44,2021-07-18 19:00:00,0.060652635483570784
429,44,2021-07-18 20:00:00,0.08743982020996975
430,44,2021-07-18 21:00:00,0.06160650785281133
431,44,2021-07-18 22:00:00,0.08971521878909029
432,44,2021-07-18 23:00:00,0.13756173498891672
433,44,2021-07-19 00:00:00,0.049854638166026304
434,44,2021-07-19 01:00:00,0.04938997178770831
435,44,2021-07-19 02:00:00,0.08690883399892092
436,44,2021-07-19 03:00:00,0.04871812248764676
437,44,2021-07-19 04:00:00,0.049397144107459504
438,44,2021-07-19 05:00:00,0.046020552670100835
439,44,2021-07-19 06:00:00,0.056876319721105156
440,44,2021-07-19 07:00:00,0.08562535505273468
441,44,2021-07-19 08:00:00,0.08150450662924758
442,44,2021-07-19 09:00:00,0.1397599786202649
443,44,2021-07-19 10:00:00,0.225
444,44,2021-07-19 11:00:00,0.09813622384905467
445,44,2021-07-19 12:00:00,0.10581221884575172
446,44,2021-07-19 13:00:00,0.05278293317213473
447,44,2021-07-19 14:00:00,0.06314357811990981
448,44,2021-07-19 15:00:00,0.12725639542316733
449,44,2021-07-19 16:00:00,0.09624870118014008
450,44,2021-07-19 17:00:00,0.0929660530702508
451,44,2021-07-19 18:00:00,0.07998698398326026
452,44,2021-07-19 19:00:00,0.07275304271597048
453,44,2021-07-19 20:00:00,0.10395834074350366
454,44,2021-07-19 21:00:00,0.07522099247419696
455,44,2021-07-19 22:00:00,0.08261783594016406
456,44,2021-07-19 23:00:00,0.1329807704383832
457,44,2021-07-20 00:00:00,0.04585178715099229
458,44,2021-07-20 01:00:00,0.04955709395851525
459,44,2021-07-20 02:00:00,0.046822754889148006
460,44,2021-07-20 03:00:00,0.05648047638641215
461,44,2021-07-20 04:00:00,0.049040242715439074
462,44,2021-07-20 05:00:00,0.04792276514865914
463,44,2021-07-20 06:00:00,0.06521855417100086
464,44,2021-07-20 07:00:00,0.05574599293691753
465,44,2021-07-20 08:00:00,0.19253561920223988
466,44,2021-07-20 09:00:00,0.174494179480229
467,44,2021-07-20 10:00:00,0.07816601156778429
468,44,2021-07-20 11:00:00,0.07202562524748703
469,44,2021-07-20 12:00:00,0.07906023847852135
470,44,2021-07-20 13:00:00,0.06310199312321632
471,44,2021-07-20 14:00:00,0.0667815778156701
472,44,2021-07-20 15:00:00,0.07386187282746168
473,44,2021-07-20 16:00:00,0.06071306226381086
474,44,2021-07-20 17:00:00,0.07297309471477761
475,44,2021-07-20 18:00:00,0.06259866054366228
476,44,2021-07-20 19:00:00,0.06745174182070264
477,44,2021-07-20 20:00:00,0.06540942292704709
478,44,2021-07-20 21:00:00,0.07807054606499567
479,44,2021-07-20 22:00:00,0.07481127297435394
480,44,2021-07-20 23:00:00,0.07456602084535563
481,44,2021-07-21 00:00:00,0.045410083097298465
482,44,2021-07-21 01:00:00,0.05000698285866681
483,44,2021-07-21 02:00:00,0.04994273966889658
484,44,2021-07-21 03:00:00,0.04904016782938009
485,44,2021-07-21 04:00:00,0.04129594915243998
486,44,2021-07-21 05:00:00,0.050532784767951894
487,44,2021-07-21 06:00:00,0.04994748129199727
488,44,2021-07-21 07:00:00,0.07591573624470564
489,44,2021-07-21 08:00:00,0.06203555310916578
490,44,2021-07-21 09:00:00,0.062254559665261756
491,44,2021-07-21 10:00:00,0.06697387586327305
492,44,2021-07-21 11:00:00,0.0679263671697271
493,44,2021-07-21 12:00:00,0.06716278570852524
494,44,2021-07-21 13:00:00,0.07550885006298728
495,44,2021-07-21 14:00:00,0.060943468965565344
496,44,2021-07-21 15:00:00,0.08329636613658463
497,44,2021-07-21 16:00:00,0.07431517564039686
498,44,2021-07-21 17:00:00,0.0679979040984975
499,44,2021-07-21 18:00:00,0.042614076090768956
500,44,2021-07-21 19:00:00,0.07319287167966072
501,44,2021-07-21 20:00:00,0.10184079057838247
502,44,2021-07-21 21:00:00,0.10872265369545335
503,44,2021-07-21 22:00:00,0.0763691559349485
504,44,2021-07-21 23:00:00,0.05838823306189251
505,44,2021-07-22 00:00:00,0.045745345898613864
506,44,2021-07-22 01:00:00,0.04065522914167592
507,44,2021-07-22 02:00:00,0.04124059753099419
508,44,2021-07-22 03:00:00,0.04053913303523527
509,44,2021-07-22 04:00:00,0.03894861678895979
510,44,2021-07-22 05:00:00,0.04865898031851823
511,44,2021-07-22 06:00:00,0.04585946939695105
512,44,2021-07-22 07:00:00,0.04048900085005616
513,44,2021-07-22 08:00:00,0.06232801910518332
514,44,2021-07-22 09:00:00,0.08010526746396315
515,44,2021-07-22 10:00:00,0.08733424960879614
516,44,2021-07-22 11:00:00,0.07484224328900724
517,44,2021-07-22 12:00:00,0.0660854606851629
518,44,2021-07-22 13:00:00,0.04893935674310781
519,44,2021-07-22 14:00:00,0.04142783009130294
520,44,2021-07-22 15:00:00,0.03542067766343869
521,44,2021-07-22 16:00:00,0.07054905113329395
522,44,2021-07-22 17:00:00,0.07592353833581178
523,44,2021-07-22 18:00:00,0.08498821441235745
524,44,2021-07-22 19:00:00,0.0989298040339501
525,44,2021-07-22 20:00:00,0.09512951468268156
526,44,2021-07-22 21:00:00,0.07310496681695122
527,44,2021-07-22 22:00:00,0.06793915095000191
528,44,2021-07-22 23:00:00,0.05380595490825397
529,44,2021-07-23 00:00:00,0.04467502896271911
530,44,2021-07-23 01:00:00,0.04355864265696937
531,44,2021-07-23 02:00:00,0.03836277975328075
532,44,2021-07-23 03:00:00,0.04150730488637057
533,44,2021-07-23 04:00:00,0.04730041455439172
534,44,2021-07-23 05:00:00,0.03677537085007413
535,44,2021-07-23 06:00:00,0.035041431837914284
536,44,2021-07-23 07:00:00,0.04828385585212824
537,44,2021-07-23 08:00:00,0.033206889056489115
538,44,2021-07-23 09:00:00,0.0454515499134383
539,44,2021-07-23 10:00:00,0.06879577423343775
540,44,2021-07-23 11:00:00,0.06913624352431688
541,44,2021-07-23 12:00:00,0.06198033066826204
542,44,2021-07-23 13:00:00,0.3469165604118396
543,44,2021-07-23 14:00:00,0.40275797312531203
544,44,2021-07-23 15:00:00,0.09562048389551966
545,44,2021-07-23 16:00:00,0.08747398829916404
546,44,2021-07-23 17:00:00,0.06595439739243995
547,44,2021-07-23 18:00:00,0.0613429600507034
548,44,2021-07-23 19:00:00,0.059659266588279615
549,44,2021-07-23 20:00:00,0.07099236475503061
550,44,2021-07-23 21:00:00,0.08147124227716235
551,44,2021-07-23 22:00:00,0.08598957992449263
552,44,2021-07-23 23:00:00,0.08173357684411219
553,44,2021-07-24 00:00:00,0.151
554,44,2021-07-24 01:00:00,0.06395950582816172
555,44,2021-07-24 02:00:00,0.062307679036933135
556,44,2021-07-24 03:00:00,0.056639617084680426
557,44,2021-07-24 04:00:00,0.05344836851456596
558,44,2021-07-24 05:00:00,0.03818409980195229
559,44,2021-07-24 06:00:00,0.04112180931496893
560,44,2021-07-24 07:00:00,0.043707333198489275
561,44,2021-07-24 08:00:00,0.08180620586231745
562,44,2021-07-24 09:00:00,0.07688038575038124
563,44,2021-07-24 10:00:00,0.04736984423761476
564,44,2021-07-24 11:00:00,0.04469223705337411
565,44,2021-07-24 12:00:00,0.038328930560760185
566,44,2021-07-24 13:00:00,0.06694905843025882
567,44,2021-07-24 14:00:00,0.0673892629970644
568,44,2021-07-24 15:00:00,0.08156147281252013
569,44,2021-07-24 16:00:00,0.09878560423293554
570,44,2021-07-24 17:00:00,0.08740838573712907
571,44,2021-07-24 18:00:00,0.08082171328245079
572,44,2021-07-24 19:00:00,0.06422403331892186
573,44,2021-07-24 20:00:00,0.06312552936692604
574,44,2021-07-24 21:00:00,0.06627316999552238
575,44,2021-07-24 22:00:00,0.06333438954584847
576,44,2021-07-24 23:00:00,0.06141297814529152
577,44,2021-07-25 00:00:00,0.08337525056289352
578,44,2021-07-25 01:00:00,0.04486637622569097
579,44,2021-07-25 02:00:00,0.03924757170436151
580,44,2021-07-25 03:00:00,0.041138798057521374
581,44,2021-07-25 04:00:00,0.03886550445355179
582,44,2021-07-25 05:00:00,0.04374303571735269
583,44,2021-07-25 06:00:00,0.04129666347819774
584,44,2021-07-25 07:00:00,0.040106949017141395
585,44,2021-07-25 08:00:00,0.0812493281761075
586,44,2021-07-25 09:00:00,0.05118072851522487
587,44,2021-07-25 10:00:00,0.058230384215795745
588,44,2021-07-25 11:00:00,0.07308755097389844
589,44,2021-07-25 12:00:00,0.11520578416781303
590,44,2021-07-25 13:00:00,0.12957723734368992
591,44,2021-07-25 14:00:00,0.09783013237303563
592,44,2021-07-25 15:00:00,0.0758135294416304
593,44,2021-07-25 16:00:00,0.08187043378612949
594,44,2021-07-25 17:00:00,0.059490783942195834
595,44,2021-07-25 18:00:00,0.05669552853327802
596,44,2021-07-25 19:00:00,0.07118249160410736
597,44,2021-07-25 20:00:00,0.06583260246035537
598,44,2021-07-25 21:00:00,0.07715507609415102
599,44,2021-07-25 22:00:00,0.06017459011213879
600,44,2021-07-25 23:00:00,0.062146443957179075
601,44,2021-07-26 00:00:00,0.059501155680741435
602,44,2021-07-26 01:00:00,0.0531495133881432
603,44,2021-07-26 02:00:00,0.05507314896050297
604,44,2021-07-26 03:00:00,0.04629141913995346
605,44,2021-07-26 04:00:00,0.04787421685737515
606,44,2021-07-26 05:00:00,0.04363276005282829
607,44,2021-07-26 06:00:00,0.0393273775419313
608,44,2021-07-26 07:00:00,0.04134722480623164
609,44,2021-07-26 08:00:00,0.06513159020530176
610,44,2021-07-26 09:00:00,0.05385085875049154
611,44,2021-07-26 10:00:00,0.03512718384870416
612,44,2021-07-26 11:00:00,0.04814459976945299
613,44,2021-07-26 12:00:00,0.03970724023453678
614,44,2021-07-26 13:00:00,0.04247854675238029
615,44,2021-07-26 14:00:00,0.04093309478295588
616,44,2021-07-26 15:00:00,0.10884164465829521
617,44,2021-07-26 16:00:00,0.1325619895583228
618,44,2021-07-26 17:00:00,0.1093260514825263
619,44,2021-07-26 18:00:00,0.07291786632802533
620,44,2021-07-26 19:00:00,0.0772009597680271
621,44,2021-07-26 20:00:00,0.0764167796431467
622,44,2021-07-26 21:00:00,0.13980603860359972
623,44,2021-07-26 22:00:00,0.0630367028223195
624,44,2021-07-26 23:00:00,0.05337981081467053
625,44,2021-07-27 00:00:00,0.0439852887992369
626,44,2021-07-27 01:00:00,0.04323668450097976
627,44,2021-07-27 02:00:00,0.046985859938955786
628,44,2021-07-27 03:00:00,0.057275751986138976
629,44,2021-07-27 04:00:00,0.04928698370792207
630,44,2021-07-27 05:00:00,0.04553444314867025
631,44,2021-07-27 06:00:00,0.05687001710248281
632,44,2021-07-27 07:00:00,0.04712980156273528
633,44,2021-07-27 08:00:00,0.04817008120690211
634,44,2021-07-27 09:00:00,0.046422824557005096
635,44,2021-07-27 10:00:00,0.04435671057413738
636,44,2021-07-27 11:00:00,0.03788817525353501
637,44,2021-07-27 12:00:00,0.03523363742780359
638,44,2021-07-27 13:00:00,0.04307841712549011
639,44,2021-07-27 14:00:00,0.05406380477460546
640,44,2021-07-27 15:00:00,0.047241952976993365
641,44,2021-07-27 16:00:00,0.05530905991642405
642,44,2021-07-27 17:00:00,0.06492805377439274
643,44,2021-07-27 18:00:00,0.05743000163646793
644,44,2021-07-27 19:00:00,0.03965734452695034
645,44,2021-07-27 20:00:00,0.03731620936799955
646,44,2021-07-27 21:00:00,0.08193193627798323
647,44,2021-07-27 22:00:00,0.06730514474740501
648,44,2021-07-27 23:00:00,0.05090959606028221
649,44,2021-07-28 00:00:00,0.06895860279611495
650,44,2021-07-28 01:00:00,0.05422739690660309
651,44,2021-07-28 02:00:00,0.05743841391601981
652,44,2021-07-28 03:00:00,0.03501886142889698
653,44,2021-07-28 04:00:00,0.06709359300210758
654,44,2021-07-28 05:00:00,0.11536042119147012
655,44,2021-07-28 06:00:00,0.057555214131758736
656,44,2021-07-28 07:00:00,0.05162927325130259
657,44,2021-07-28 08:00:00,0.053939990116875364
658,44,2021-07-28 09:00:00,0.07373977540925424
659,44,2021-07-28 10:00:00,0.073623099900683
660,44,2021-07-28 11:00:00,0.06697467142852623
661,44,2021-07-28 12:00:00,0.06235914238400966
662,44,2021-07-28 13:00:00,0.07544112937236172
663,44,2021-07-28 14:00:00,0.08522048329464357
664,44,2021-07-28 15:00:00,0.07143249068128803
665,44,2021-07-28 16:00:00,0.09194918902198057
666,44,2021-07-28 17:00:00,0.09906644218340513
667,44,2021-07-28 18:00:00,0.07990945345843313
668,44,2021-07-28 19:00:00,0.09772277361316274
669,44,2021-07-28 20:00:00,0.09195427249493768
670,44,2021-07-28 21:00:00,0.10866969861182549
671,44,2021-07-28 22:00:00,0.09753460228271797
672,44,2021-07-28 23:00:00,0.0823300963003365
673,44,2021-07-29 00:00:00,0.06552411669988063
674,44,2021-07-29 01:00:00,0.05791807110198824
675,44,2021-07-29 02:00:00,0.04665654543317816
676,44,2021-07-29 03:00:00,0.04187389381843058
677,44,2021-07-29 04:00:00,0.03591606110677576
678,44,2021-07-29 05:00:00,0.05009532871788729
679,44,2021-07-29 06:00:00,0.05766084820968328
680,44,2021-07-29 07:00:00,0.09107026959806357
681,44,2021-07-29 08:00:00,0.08633520965469253
682,44,2021-07-29 09:00:00,0.0770375107665102
683,44,2021-07-29 10:00:00,0.08818800343402741
684,44,2021-07-29 11:00:00,0.07467892164692391
685,44,2021-07-29 12:00:00,0.06446379930656823
686,44,2021-07-29 13:00:00,0.04727104411123735
687,44,2021-07-29 14:00:00,0.05331905561197155
688,44,2021-07-29 15:00:00,0.03733009810968352
689,44,2021-07-29 16:00:00,0.04318238952056002
690,44,2021-07-29 17:00:00,0.11183327929644588
691,44,2021-07-29 18:00:00,0.10508295483273429
692,44,2021-07-29 19:00:00,0.07419208587352297
693,44,2021-07-29 20:00:00,0.06425334627099381
694,44,2021-07-29 21:00:00,0.07697397786650009
695,44,2021-07-29 22:00:00,0.06381428526583856
696,44,2021-07-29 23:00:00,0.0511138751044724
697,44,2021-07-30 00:00:00,0.05366344067817996
698,44,2021-07-30 01:00:00,0.05261931279322341
699,44,2021-07-30 02:00:00,0.05946206326271189
700,44,2021-07-30 03:00:00,0.05280525309279638
701,44,2021-07-30 04:00:00,0.03988520154791984
702,44,2021-07-30 05:00:00,0.08403116323529643
703,44,2021-07-30 06:00:00,0.09136285302755123
704,44,2021-07-30 07:00:00,0.04694894481508648
705,44,2021-07-30 08:00:00,0.04984026976045724
706,44,2021-07-30 09:00:00,0.11718707698854978
707,44,2021-07-30 10:00:00,0.06692542978156277
708,44,2021-07-30 11:00:00,0.059210322555423314
709,44,2021-07-30 12:00:00,0.0666800480390557
710,44,2021-07-30 13:00:00,0.07061202373028042
711,44,2021-07-30 14:00:00,0.07606980810426552
712,44,2021-07-30 15:00:00,0.08771039685690103
713,44,2021-07-30 16:00:00,0.08183546247907342
714,44,2021-07-30 17:00:00,0.06308892755250015
715,44,2021-07-30 18:00:00,0.03818234708240007
716,44,2021-07-30 19:00:00,0.047977193401208186
717,44,2021-07-30 20:00:00,0.06395098472517359
718,44,2021-07-30 21:00:00,0.06318216395665968
719,44,2021-07-30 22:00:00,0.06212188082307602
720,44,2021-07-30 23:00:00,0.06812893678930458
721,44,2021-07-31 00:00:00,0.06635826399317481
722,44,2021-07-31 01:00:00,0.04651566112180927
723,44,2021-07-31 02:00:00,0.119
724,44,2021-07-31 03:00:00,0.06184187182519711
725,44,2021-07-31 04:00:00,0.05638008840473242
726,44,2021-07-31 05:00:00,0.05649035716319084
727,44,2021-07-31 06:00:00,0.0470334645713231
728,44,2021-07-31 07:00:00,0.03999295277926832
729,44,2021-07-31 08:00:00,0.08153381421032532
730,44,2021-07-31 09:00:00,0.066168149761949
731,44,2021-07-31 10:00:00,0.08840876795658896
732,44,2021-07-31 11:00:00,0.050267063705654265
733,44,2021-07-31 12:00:00,0.052179768492735285
734,44,2021-07-31 13:00:00,0.059696635300084955
735,44,2021-07-31 14:00:00,0.09948097454943548
736,44,2021-07-31 15:00:00,0.0662539398619613
737,44,2021-07-31 16:00:00,0.06428565825962704
738,44,2021-07-31 17:00:00,0.07192613183096846
739,44,2021-07-31 18:00:00,0.058737024749884896
740,44,2021-07-31 19:00:00,0.07109599602813418
741,44,2021-07-31 20:00:00,0.08703709307049369
742,44,2021-07-31 21:00:00,0.062218347231686975
743,44,2021-07-31 22:00:00,0.05907978048670734
744,44,2021-07-31 23:00:00,0.06570053523910473
